# YCH4, LaminarViscosity
9.824311733245849609e-01,1.105840874515706673e-05
9.823496937751770020e-01,1.105872979678679258e-05
9.822682142257690430e-01,1.105904993892181665e-05
9.821867346763610840e-01,1.105937099055154249e-05
9.821052551269531250e-01,1.105969204218126833e-05
9.820237755775451660e-01,1.106001218431629241e-05
9.819422960281372070e-01,1.106033323594601825e-05
9.818608164787292480e-01,1.106065337808104232e-05
9.817793369293212891e-01,1.106097442971076816e-05
9.816978573799133301e-01,1.106129548134049401e-05
9.816163778305053711e-01,1.106161562347551808e-05
9.815348982810974121e-01,1.106193667510524392e-05
9.814534783363342285e-01,1.106225772673496976e-05
9.813719987869262695e-01,1.106257786886999384e-05
9.812905192375183105e-01,1.106289892049971968e-05
9.812090396881103516e-01,1.106321997212944552e-05
9.811275601387023926e-01,1.106354011426446959e-05
9.810460805892944336e-01,1.106386116589419544e-05
9.809646010398864746e-01,1.106418130802921951e-05
9.808831214904785156e-01,1.106450235965894535e-05
9.808016419410705566e-01,1.106482341128867120e-05
9.807201623916625977e-01,1.106514355342369527e-05
9.806386828422546387e-01,1.106546460505342111e-05
9.805572032928466797e-01,1.106578565668314695e-05
9.804757237434387207e-01,1.106610579881817102e-05
9.803942441940307617e-01,1.106642685044789687e-05
9.803127646446228027e-01,1.106674790207762271e-05
9.802312850952148438e-01,1.106706804421264678e-05
9.801498055458068848e-01,1.106738909584237263e-05
9.800683259963989258e-01,1.106771014747209847e-05
9.799868464469909668e-01,1.106803028960712254e-05
9.799053668975830078e-01,1.106835134123684838e-05
9.798238873481750488e-01,1.106867148337187245e-05
9.797424077987670898e-01,1.106899253500159830e-05
9.796609282493591309e-01,1.106931358663132414e-05
9.795795083045959473e-01,1.106963372876634821e-05
9.794980287551879883e-01,1.106995478039607406e-05
9.794165492057800293e-01,1.107027583202579990e-05
9.793350696563720703e-01,1.107059597416082397e-05
9.792535901069641113e-01,1.107091702579054981e-05
9.791721105575561523e-01,1.107123807742027566e-05
9.790906310081481934e-01,1.107155821955529973e-05
9.790091514587402344e-01,1.107187927118502557e-05
9.789276719093322754e-01,1.107219941332004964e-05
9.788461923599243164e-01,1.107252046494977549e-05
9.787647128105163574e-01,1.107284151657950133e-05
9.786832332611083984e-01,1.107316165871452540e-05
9.786017537117004395e-01,1.107348271034425125e-05
9.785202741622924805e-01,1.107380376197397709e-05
9.784387946128845215e-01,1.107412390410900116e-05
9.783573150634765625e-01,1.107444495573872700e-05
9.782758355140686035e-01,1.107476600736845285e-05
9.781943559646606445e-01,1.107508614950347692e-05
9.781128764152526855e-01,1.107540720113320276e-05
9.780313968658447266e-01,1.107572734326822683e-05
9.779499173164367676e-01,1.107604839489795268e-05
9.777865409851074219e-01,1.107669595512561500e-05
9.775207042694091797e-01,1.107775278796907514e-05
9.772548675537109375e-01,1.107880871131783351e-05
9.769890904426574707e-01,1.107986554416129366e-05
9.767232537269592285e-01,1.108092146751005203e-05
9.764574170112609863e-01,1.108197830035351217e-05
9.761915802955627441e-01,1.108303422370227054e-05
9.759257435798645020e-01,1.108409105654573068e-05
9.756599664688110352e-01,1.108514697989448905e-05
9.753941297531127930e-01,1.108620381273794919e-05
9.751282930374145508e-01,1.108725973608670756e-05
9.748624563217163086e-01,1.108831656893016770e-05
9.745966792106628418e-01,1.108937249227892607e-05
9.743308424949645996e-01,1.109042932512238622e-05
9.740650057792663574e-01,1.109148524847114459e-05
9.737991690635681152e-01,1.109254208131460473e-05
9.735333919525146484e-01,1.109359800466336310e-05
9.732675552368164062e-01,1.109465392801212147e-05
9.730017185211181641e-01,1.109571076085558161e-05
9.727358818054199219e-01,1.109676668420433998e-05
9.724700450897216797e-01,1.109782351704780012e-05
9.722042679786682129e-01,1.109887944039655849e-05
9.719384312629699707e-01,1.109993627324001864e-05
9.716725945472717285e-01,1.110099219658877701e-05
9.714067578315734863e-01,1.110204902943223715e-05
9.711409807205200195e-01,1.110310495278099552e-05
9.708751440048217773e-01,1.110416178562445566e-05
9.706093072891235352e-01,1.110521770897321403e-05
9.703434705734252930e-01,1.110627454181667417e-05
9.700776934623718262e-01,1.110733046516543254e-05
9.698118567466735840e-01,1.110838729800889269e-05
9.695460200309753418e-01,1.110944322135765105e-05
9.692801833152770996e-01,1.111050005420111120e-05
9.690143465995788574e-01,1.111155597754986957e-05
9.687485694885253906e-01,1.111261281039332971e-05
9.684827327728271484e-01,1.111366873374208808e-05
9.682168960571289062e-01,1.111472556658554822e-05
9.679510593414306641e-01,1.111578148993430659e-05
9.676852822303771973e-01,1.111683832277776673e-05
9.674194455146789551e-01,1.111789424612652510e-05
9.671536087989807129e-01,1.111895107896998525e-05
9.668877720832824707e-01,1.112000700231874362e-05
9.666219949722290039e-01,1.112106383516220376e-05
9.663561582565307617e-01,1.112211975851096213e-05
9.660903215408325195e-01,1.112317659135442227e-05
9.658244848251342773e-01,1.112423251470318064e-05
9.655586481094360352e-01,1.112528934754664078e-05
9.652928709983825684e-01,1.112634527089539915e-05
9.650270342826843262e-01,1.112740210373885930e-05
9.647611975669860840e-01,1.112845802708761767e-05
9.644953608512878418e-01,1.112951485993107781e-05
9.642295837402343750e-01,1.113057078327983618e-05
9.639637470245361328e-01,1.113162670662859455e-05
9.636979103088378906e-01,1.113268353947205469e-05
9.634320735931396484e-01,1.113373946282081306e-05
9.631662964820861816e-01,1.113479629566427320e-05
9.626884460449218750e-01,1.113673351937904954e-05
9.621840715408325195e-01,1.113878079195274040e-05
9.616797566413879395e-01,1.114082806452643126e-05
9.611753821372985840e-01,1.114287533710012212e-05
9.606710672378540039e-01,1.114492351916851476e-05
9.601667523384094238e-01,1.114697079174220562e-05
9.596623778343200684e-01,1.114901806431589648e-05
9.591580629348754883e-01,1.115106533688958734e-05
9.586536884307861328e-01,1.115311260946327820e-05
9.581493735313415527e-01,1.115515988203696907e-05
9.576449990272521973e-01,1.115720806410536170e-05
9.571406841278076172e-01,1.115925533667905256e-05
9.566363096237182617e-01,1.116130260925274342e-05
9.561319947242736816e-01,1.116334988182643428e-05
9.556276798248291016e-01,1.116539715440012515e-05
9.551233053207397461e-01,1.116744442697381601e-05
9.546189904212951660e-01,1.116949169954750687e-05
9.541146159172058105e-01,1.117153988161589950e-05
9.536103010177612305e-01,1.117358715418959036e-05
9.531059265136718750e-01,1.117563442676328123e-05
9.526016116142272949e-01,1.117768169933697209e-05
9.520972967147827148e-01,1.117972897191066295e-05
9.515929222106933594e-01,1.118177624448435381e-05
9.510886073112487793e-01,1.118382442655274644e-05
9.505842328071594238e-01,1.118587169912643731e-05
9.500799179077148438e-01,1.118791897170012817e-05
9.495755434036254883e-01,1.118996624427381903e-05
9.490712285041809082e-01,1.119201351684750989e-05
9.485668540000915527e-01,1.119406078942120075e-05
9.480625391006469727e-01,1.119610806199489161e-05
9.475582242012023926e-01,1.119815624406328425e-05
9.470538496971130371e-01,1.120020351663697511e-05
9.465495347976684570e-01,1.120225078921066597e-05
9.460451602935791016e-01,1.120429806178435683e-05
9.455408453941345215e-01,1.120634533435804769e-05
9.450364708900451660e-01,1.120839260693173856e-05
9.445321559906005859e-01,1.121043987950542942e-05
9.440278410911560059e-01,1.121248806157382205e-05
9.435234665870666504e-01,1.121453533414751291e-05
9.430191516876220703e-01,1.121658260672120377e-05
9.425147771835327148e-01,1.121862987929489464e-05
9.420104622840881348e-01,1.122067715186858550e-05
9.415060877799987793e-01,1.122272442444227636e-05
9.410017728805541992e-01,1.122477260651066899e-05
9.404973983764648438e-01,1.122681987908435985e-05
9.399930834770202637e-01,1.122886715165805072e-05
9.394887685775756836e-01,1.123091442423174158e-05
9.389843940734863281e-01,1.123296169680543244e-05
9.384800791740417480e-01,1.123500896937912330e-05
9.379757046699523926e-01,1.123705624195281416e-05
9.374713897705078125e-01,1.123910442402120680e-05
9.369670152664184570e-01,1.124115169659489766e-05
9.364627003669738770e-01,1.124319896916858852e-05
9.359583258628845215e-01,1.124524624174227938e-05
9.354540109634399414e-01,1.124729351431597024e-05
9.348459243774414062e-01,1.124980371969286352e-05
9.340302944183349609e-01,1.125323979067616165e-05
9.332147240638732910e-01,1.125667495216475800e-05
9.323990941047668457e-01,1.126011102314805612e-05
9.315834641456604004e-01,1.126354618463665247e-05
9.307678341865539551e-01,1.126698225561995059e-05
9.299522638320922852e-01,1.127041832660324872e-05
9.291366338729858398e-01,1.127385348809184507e-05
9.283210635185241699e-01,1.127728955907514319e-05
9.275054335594177246e-01,1.128072472056373954e-05
9.266898036003112793e-01,1.128416079154703766e-05
9.258742332458496094e-01,1.128759595303563401e-05
9.250586032867431641e-01,1.129103202401893213e-05
9.242429733276367188e-01,1.129446809500223026e-05
9.234273433685302734e-01,1.129790325649082661e-05
9.226117730140686035e-01,1.130133932747412473e-05
9.217961430549621582e-01,1.130477448896272108e-05
9.209805130958557129e-01,1.130821055994601920e-05
9.201649427413940430e-01,1.131164572143461555e-05
9.193493127822875977e-01,1.131508179241791368e-05
9.185336828231811523e-01,1.131851786340121180e-05
9.177181124687194824e-01,1.132195302488980815e-05
9.169024825096130371e-01,1.132538909587310627e-05
9.160869121551513672e-01,1.132882425736170262e-05
9.152712821960449219e-01,1.133226032834500074e-05
9.144556522369384766e-01,1.133569548983359709e-05
9.136400222778320312e-01,1.133913156081689522e-05
9.128244519233703613e-01,1.134256763180019334e-05
9.120088219642639160e-01,1.134600279328878969e-05
9.111931920051574707e-01,1.134943886427208781e-05
9.103776216506958008e-01,1.135287402576068416e-05
9.095619916915893555e-01,1.135631009674398229e-05
9.087463617324829102e-01,1.135974525823257864e-05
9.079307913780212402e-01,1.136318132921587676e-05
9.071151614189147949e-01,1.136661740019917488e-05
9.062995314598083496e-01,1.137005256168777123e-05
9.054839611053466797e-01,1.137348863267106935e-05
9.046683311462402344e-01,1.137692379415966570e-05
9.038527011871337891e-01,1.138035986514296383e-05
9.030371308326721191e-01,1.138379502663156018e-05
9.022215008735656738e-01,1.138723109761485830e-05
9.014058709144592285e-01,1.139066716859815642e-05
9.005903005599975586e-01,1.139410233008675277e-05
8.997746706008911133e-01,1.139753840107005090e-05
8.989590406417846680e-01,1.140097356255864725e-05
8.981434702873229980e-01,1.140440963354194537e-05
8.973278403282165527e-01,1.140784479503054172e-05
8.965122103691101074e-01,1.141128086601383984e-05
8.956965804100036621e-01,1.141471693699713796e-05
8.948810100555419922e-01,1.141815209848573431e-05
8.940653800964355469e-01,1.142158816946903244e-05
8.932498097419738770e-01,1.142502333095762879e-05
8.924341797828674316e-01,1.142845940194092691e-05
8.916185498237609863e-01,1.143189456342952326e-05
8.908029794692993164e-01,1.143533063441282138e-05
8.899873495101928711e-01,1.143876670539611951e-05
8.888850212097167969e-01,1.144363795901881531e-05
8.877007365226745605e-01,1.144891939475201070e-05
8.865163922309875488e-01,1.145420173997990787e-05
8.853321671485900879e-01,1.145948408520780504e-05
8.841478824615478516e-01,1.146476552094100043e-05
8.829635977745056152e-01,1.147004786616889760e-05
8.817793130874633789e-01,1.147532930190209299e-05
8.805950284004211426e-01,1.148061164712999016e-05
8.794107437133789062e-01,1.148589308286318555e-05
8.782264590263366699e-01,1.149117542809108272e-05
8.770421743392944336e-01,1.149645686382427812e-05
8.758578896522521973e-01,1.150173920905217528e-05
8.746736049652099609e-01,1.150702064478537068e-05
8.734893202781677246e-01,1.151230299001326784e-05
8.723050355911254883e-01,1.151758442574646324e-05
8.711207509040832520e-01,1.152286677097436041e-05
8.699364662170410156e-01,1.152814820670755580e-05
8.687521815299987793e-01,1.153343055193545297e-05
8.675679564476013184e-01,1.153871198766864836e-05
8.663836717605590820e-01,1.154399433289654553e-05
8.651993870735168457e-01,1.154927576862974092e-05
8.640151023864746094e-01,1.155455811385763809e-05
8.628308176994323730e-01,1.155983954959083349e-05
8.616465330123901367e-01,1.156512189481873065e-05
8.604622483253479004e-01,1.157040333055192605e-05
8.592779636383056641e-01,1.157568567577982321e-05
8.580936789512634277e-01,1.158096711151301861e-05
8.569093942642211914e-01,1.158624945674091578e-05
8.557251095771789551e-01,1.159153180196881294e-05
8.545408248901367188e-01,1.159681323770200834e-05
8.533565402030944824e-01,1.160209558292990550e-05
8.521722555160522461e-01,1.160737701866310090e-05
8.509879708290100098e-01,1.161265936389099807e-05
8.498037457466125488e-01,1.161794079962419346e-05
8.486194610595703125e-01,1.162322314485209063e-05
8.474351167678833008e-01,1.162850458058528602e-05
8.462508320808410645e-01,1.163378692581318319e-05
8.450666069984436035e-01,1.163906836154637858e-05
8.438823223114013672e-01,1.164435070677427575e-05
8.426980376243591309e-01,1.164963214250747114e-05
8.415137529373168945e-01,1.165491448773536831e-05
8.403294682502746582e-01,1.166019592346856371e-05
8.391451835632324219e-01,1.166547826869646087e-05
8.379608988761901855e-01,1.167075970442965627e-05
8.367766141891479492e-01,1.167604204965755343e-05
8.355923295021057129e-01,1.168132348539074883e-05
8.344080448150634766e-01,1.168660583061864600e-05
8.332237601280212402e-01,1.169188726635184139e-05
8.320394754409790039e-01,1.169716961157973856e-05
8.308551907539367676e-01,1.170245104731293395e-05
8.296709060668945312e-01,1.170773339254083112e-05
8.284866213798522949e-01,1.171301482827402651e-05
8.273023962974548340e-01,1.171829717350192368e-05
8.261181116104125977e-01,1.172357860923511907e-05
8.249338269233703613e-01,1.172886095446301624e-05
8.236669301986694336e-01,1.173464079329278320e-05
8.221110105514526367e-01,1.174216140498174354e-05
8.205550312995910645e-01,1.174968292616540566e-05
8.189990520477294922e-01,1.175720353785436600e-05
8.174431324005126953e-01,1.176472414954332635e-05
8.158871531486511230e-01,1.177224567072698846e-05
8.143312335014343262e-01,1.177976628241594881e-05
8.127752542495727539e-01,1.178728780359961092e-05
8.112193346023559570e-01,1.179480841528857127e-05
8.096633553504943848e-01,1.180232902697753161e-05
8.081074357032775879e-01,1.180985054816119373e-05
8.065514564514160156e-01,1.181737115985015407e-05
8.049955368041992188e-01,1.182489268103381619e-05
8.034395575523376465e-01,1.183241329272277653e-05
8.018835783004760742e-01,1.183993481390643865e-05
8.003276586532592773e-01,1.184745542559539899e-05
7.987716794013977051e-01,1.185497694677906111e-05
7.972157597541809082e-01,1.186249755846802145e-05
7.956597805023193359e-01,1.187001817015698180e-05
7.941038608551025391e-01,1.187753969134064391e-05
7.925478816032409668e-01,1.188506030302960426e-05
7.909919619560241699e-01,1.189258182421326637e-05
7.894359827041625977e-01,1.190010243590222672e-05
7.878800630569458008e-01,1.190762304759118706e-05
7.863240838050842285e-01,1.191514456877484918e-05
7.847681045532226562e-01,1.192266518046380952e-05
7.832121849060058594e-01,1.193018670164747164e-05
7.816562056541442871e-01,1.193770731333643198e-05
7.801002860069274902e-01,1.194522883452009410e-05
7.785443067550659180e-01,1.195274944620905444e-05
7.769883871078491211e-01,1.196027096739271656e-05
7.754324078559875488e-01,1.196779157908167690e-05
7.738764882087707520e-01,1.197531219077063724e-05
7.723205089569091797e-01,1.198283371195429936e-05
7.707645893096923828e-01,1.199035432364325970e-05
7.692086100578308105e-01,1.199787584482692182e-05
7.676526904106140137e-01,1.200539645651588216e-05
7.660967111587524414e-01,1.201291797769954428e-05
7.645407915115356445e-01,1.202043858938850462e-05
7.629848122596740723e-01,1.202795920107746497e-05
7.614288330078125000e-01,1.203548072226112708e-05
7.598729133605957031e-01,1.204300133395008743e-05
7.583169341087341309e-01,1.205052285513374954e-05
7.567610144615173340e-01,1.205804346682270989e-05
7.552050352096557617e-01,1.206556498800637200e-05
7.536491155624389648e-01,1.207308559969533235e-05
7.520931363105773926e-01,1.208060712087899446e-05
7.505372166633605957e-01,1.208812773256795481e-05
7.489812374114990234e-01,1.209564834425691515e-05
7.474253177642822266e-01,1.210316986544057727e-05
7.458693385124206543e-01,1.211069047712953761e-05
7.443133592605590820e-01,1.211821199831319973e-05
7.427574396133422852e-01,1.212573261000216007e-05
7.412014603614807129e-01,1.213325413118582219e-05
7.396455407142639160e-01,1.214077474287478253e-05
7.380895614624023438e-01,1.214829535456374288e-05
7.363365292549133301e-01,1.215742122440133244e-05
7.344849109649658203e-01,1.216735017806058750e-05
7.326333522796630859e-01,1.217727822222514078e-05
7.307817339897155762e-01,1.218720626638969406e-05
7.289302349090576172e-01,1.219713522004894912e-05
7.270786166191101074e-01,1.220706326421350241e-05
7.252269983291625977e-01,1.221699221787275746e-05
7.233754396438598633e-01,1.222692026203731075e-05
7.215238213539123535e-01,1.223684830620186403e-05
7.196722626686096191e-01,1.224677635036641732e-05
7.178206443786621094e-01,1.225670530402567238e-05
7.159690856933593750e-01,1.226663334819022566e-05
7.141174674034118652e-01,1.227656139235477895e-05
7.122659087181091309e-01,1.228649034601403400e-05
7.104142904281616211e-01,1.229641839017858729e-05
7.085627913475036621e-01,1.230634643434314057e-05
7.067111730575561523e-01,1.231627538800239563e-05
7.048595547676086426e-01,1.232620343216694891e-05
7.030079960823059082e-01,1.233613147633150220e-05
7.011563777923583984e-01,1.234606042999075726e-05
6.993048191070556641e-01,1.235598847415531054e-05
6.974532008171081543e-01,1.236591742781456560e-05
6.956016421318054199e-01,1.237584547197911888e-05
6.937500238418579102e-01,1.238577351614367217e-05
6.918984651565551758e-01,1.239570156030822545e-05
6.900468468666076660e-01,1.240563051396748051e-05
6.881953477859497070e-01,1.241555855813203380e-05
6.863437294960021973e-01,1.242548660229658708e-05
6.844921112060546875e-01,1.243541555595584214e-05
6.826405525207519531e-01,1.244534360012039542e-05
6.807889342308044434e-01,1.245527255377965048e-05
6.789373755455017090e-01,1.246520059794420376e-05
6.770857572555541992e-01,1.247512864210875705e-05
6.752341985702514648e-01,1.248505668627331033e-05
6.733825802803039551e-01,1.249498563993256539e-05
6.715310215950012207e-01,1.250491368409711868e-05
6.696794033050537109e-01,1.251484172826167196e-05
6.678279042243957520e-01,1.252477068192092702e-05
6.659762859344482422e-01,1.253469872608548030e-05
6.641246676445007324e-01,1.254462767974473536e-05
6.622731089591979980e-01,1.255455572390928864e-05
6.604214906692504883e-01,1.256448376807384193e-05
6.585699319839477539e-01,1.257441181223839521e-05
6.567183136940002441e-01,1.258434076589765027e-05
6.548667550086975098e-01,1.259426881006220356e-05
6.530151367187500000e-01,1.260419776372145861e-05
6.511635780334472656e-01,1.261412580788601190e-05
6.493119597434997559e-01,1.262405385205056518e-05
6.474604606628417969e-01,1.263398189621511847e-05
6.456088423728942871e-01,1.264391084987437353e-05
6.437572240829467773e-01,1.265383889403892681e-05
6.419056653976440430e-01,1.266376693820348009e-05
6.400540471076965332e-01,1.267369589186273515e-05
6.382024884223937988e-01,1.268362393602728844e-05
6.363508701324462891e-01,1.269355288968654349e-05
6.344823837280273438e-01,1.270372649742057547e-05
6.324785947799682617e-01,1.271587188966805115e-05
6.304748654365539551e-01,1.272801637242082506e-05
6.284710764884948730e-01,1.274016176466830075e-05
6.264673471450805664e-01,1.275230715691577643e-05
6.244634985923767090e-01,1.276445163966855034e-05
6.224597096443176270e-01,1.277659703191602603e-05
6.204559803009033203e-01,1.278874151466879994e-05
6.184521317481994629e-01,1.280088690691627562e-05
6.164484024047851562e-01,1.281303138966904953e-05
6.144446134567260742e-01,1.282517678191652521e-05
6.124408841133117676e-01,1.283732217416400090e-05
6.104370355606079102e-01,1.284946665691677481e-05
6.084333062171936035e-01,1.286161204916425049e-05
6.064295172691345215e-01,1.287375653191702440e-05
6.044257879257202148e-01,1.288590192416450009e-05
6.024219393730163574e-01,1.289804640691727400e-05
6.004181504249572754e-01,1.291019179916474968e-05
5.984144210815429688e-01,1.292233628191752359e-05
5.964106321334838867e-01,1.293448167416499928e-05
5.944069027900695801e-01,1.294662706641247496e-05
5.924030542373657227e-01,1.295877154916524887e-05
5.903993248939514160e-01,1.297091694141272455e-05
5.883955359458923340e-01,1.298306142416549847e-05
5.863918066024780273e-01,1.299520681641297415e-05
5.843879580497741699e-01,1.300735129916574806e-05
5.823842287063598633e-01,1.301949669141322374e-05
5.803804397583007812e-01,1.303164117416599765e-05
5.783765912055969238e-01,1.304378656641347334e-05
5.763728618621826172e-01,1.305593195866094902e-05
5.743690729141235352e-01,1.306807644141372293e-05
5.723653435707092285e-01,1.308022183366119862e-05
5.703614950180053711e-01,1.309236631641397253e-05
5.683577656745910645e-01,1.310451170866144821e-05
5.663539767265319824e-01,1.311665619141422212e-05
5.643502473831176758e-01,1.312880158366169780e-05
5.623464584350585938e-01,1.314094697590917349e-05
5.603426694869995117e-01,1.315309145866194740e-05
5.583388805389404297e-01,1.316523685090942308e-05
5.563350915908813477e-01,1.317738133366219699e-05
5.543313622474670410e-01,1.318952672590967268e-05
5.523275136947631836e-01,1.320167120866244659e-05
5.503237843513488770e-01,1.321381660090992227e-05
5.483199954032897949e-01,1.322596108366269618e-05
5.463162660598754883e-01,1.323810647591017187e-05
5.443124175071716309e-01,1.325025186815764755e-05
5.423086881637573242e-01,1.326239635091042146e-05
5.403048992156982422e-01,1.327454174315789714e-05
5.383011698722839355e-01,1.328668622591067106e-05
5.362973213195800781e-01,1.329883161815814674e-05
5.342935323715209961e-01,1.331097610091092065e-05
5.322898030281066895e-01,1.332312149315839633e-05
5.302859544754028320e-01,1.333526597591117024e-05
5.282822251319885254e-01,1.334741136815864593e-05
5.262784361839294434e-01,1.335955676040612161e-05
5.242747068405151367e-01,1.337170124315889552e-05
5.222798585891723633e-01,1.338474339718231931e-05
5.202922821044921875e-01,1.339850314252544194e-05
5.183046460151672363e-01,1.341226379736326635e-05
5.163170695304870605e-01,1.342602354270638898e-05
5.143294334411621094e-01,1.343978419754421338e-05
5.123417973518371582e-01,1.345354394288733602e-05
5.103542208671569824e-01,1.346730459772516042e-05
5.083665847778320312e-01,1.348106434306828305e-05
5.063790082931518555e-01,1.349482408841140568e-05
5.043913125991821289e-01,1.350858474324923009e-05
5.024037361145019531e-01,1.352234448859235272e-05
5.004161000251770020e-01,1.353610514343017712e-05
4.984285533428192139e-01,1.354986488877329975e-05
4.964408874511718750e-01,1.356362554361112416e-05
4.944533109664916992e-01,1.357738528895424679e-05
4.924656748771667480e-01,1.359114503429736942e-05
4.904780387878417969e-01,1.360490568913519382e-05
4.884904623031616211e-01,1.361866543447831646e-05
4.865027964115142822e-01,1.363242608931614086e-05
4.845152199268341064e-01,1.364618583465926349e-05
4.825275838375091553e-01,1.365994648949708790e-05
4.805400073528289795e-01,1.367370623484021053e-05
4.785523712635040283e-01,1.368746598018333316e-05
4.765647947788238525e-01,1.370122572552645579e-05
4.745771288871765137e-01,1.371498638036428019e-05
4.725895524024963379e-01,1.372874612570740283e-05
4.706019163131713867e-01,1.374250678054522723e-05
4.686142802238464355e-01,1.375626743538305163e-05
4.666267037391662598e-01,1.377002718072617427e-05
4.646390378475189209e-01,1.378378692606929690e-05
4.626514613628387451e-01,1.379754667141241953e-05
4.606638252735137939e-01,1.381130732625024393e-05
4.586762487888336182e-01,1.382506707159336656e-05
4.566886126995086670e-01,1.383882772643119097e-05
4.547010362148284912e-01,1.385258747177431360e-05
4.527133703231811523e-01,1.386634812661213800e-05
4.507258236408233643e-01,1.388010787195526063e-05
4.487381577491760254e-01,1.389386761729838327e-05
4.467505216598510742e-01,1.390762827213620767e-05
4.447629451751708984e-01,1.392138801747933030e-05
4.427752792835235596e-01,1.393514867231715471e-05
4.407877326011657715e-01,1.394890841766027734e-05
4.388000667095184326e-01,1.396266907249810174e-05
4.368124902248382568e-01,1.397642881784122437e-05
4.348248541355133057e-01,1.399018856318434700e-05
4.328372776508331299e-01,1.400394921802217141e-05
4.308496415615081787e-01,1.401770896336529404e-05
4.288620650768280029e-01,1.403146870870841667e-05
4.268743991851806641e-01,1.404522936354624107e-05
4.248867630958557129e-01,1.405899001838406548e-05
4.228991866111755371e-01,1.407274976372718811e-05
4.209115505218505859e-01,1.408650950907031074e-05
4.189239740371704102e-01,1.410027016390813515e-05
4.169363081455230713e-01,1.411402990925125778e-05
4.149487316608428955e-01,1.412778965459438041e-05
4.129610955715179443e-01,1.414155030943220481e-05
4.111375510692596436e-01,1.415597125742351636e-05
4.093139767646789551e-01,1.417039311490952969e-05
4.074904322624206543e-01,1.418481406290084124e-05
4.056668281555175781e-01,1.419923592038685456e-05
4.038432538509368896e-01,1.421365777787286788e-05
4.020197093486785889e-01,1.422807963535888121e-05
4.001961052417755127e-01,1.424250058335019276e-05
3.983725905418395996e-01,1.425692244083620608e-05
3.965489864349365234e-01,1.427134429832221940e-05
3.947254419326782227e-01,1.428576524631353095e-05
3.929018676280975342e-01,1.430018710379954427e-05
3.910783231258392334e-01,1.431460805179085582e-05
3.892547190189361572e-01,1.432902990927686915e-05
3.874312043190002441e-01,1.434345085726818070e-05
3.856076002120971680e-01,1.435787271475419402e-05
3.837839961051940918e-01,1.437229457224020734e-05
3.819604814052581787e-01,1.438671552023151889e-05
3.801368772983551025e-01,1.440113737771753222e-05
3.783133327960968018e-01,1.441555832570884377e-05
3.764897286891937256e-01,1.442998018319485709e-05
3.746662139892578125e-01,1.444440204068087041e-05
3.728426098823547363e-01,1.445882389816688374e-05
3.710190951824188232e-01,1.447324484615819529e-05
3.691954910755157471e-01,1.448766670364420861e-05
3.673719465732574463e-01,1.450208765163552016e-05
3.655483424663543701e-01,1.451650950912153348e-05
3.637247681617736816e-01,1.453093136660754681e-05
3.619012236595153809e-01,1.454535231459885836e-05
3.600776195526123047e-01,1.455977417208487168e-05
3.582541048526763916e-01,1.457419512007618323e-05
3.564305007457733154e-01,1.458861697756219655e-05
3.546069562435150146e-01,1.460303792555350810e-05
3.527833819389343262e-01,1.461745978303952143e-05
3.509598374366760254e-01,1.463188164052553475e-05
3.491362333297729492e-01,1.464630258851684630e-05
3.473127186298370361e-01,1.466072444600285962e-05
3.454891145229339600e-01,1.467514630348887295e-05
3.436655104160308838e-01,1.468956816097488627e-05
3.418419957160949707e-01,1.470398910896619782e-05
3.400183916091918945e-01,1.471841096645221114e-05
3.381948471069335938e-01,1.473283191444352269e-05
3.363712430000305176e-01,1.474725377192953601e-05
3.345477283000946045e-01,1.476167471992084756e-05
3.327241241931915283e-01,1.477609657740686089e-05
3.309006094932556152e-01,1.479051752539817244e-05
3.290770053863525391e-01,1.480493938288418576e-05
3.272534608840942383e-01,1.481936124037019908e-05
3.254298567771911621e-01,1.483378218836151063e-05
3.236062824726104736e-01,1.484820404584752396e-05
3.217827379703521729e-01,1.486262590333353728e-05
3.199591338634490967e-01,1.487704685132484883e-05
3.181356191635131836e-01,1.489146870881086215e-05
3.163120150566101074e-01,1.490589056629687548e-05
3.144884705543518066e-01,1.492031151428818703e-05
3.126648962497711182e-01,1.493473337177420035e-05
3.109585046768188477e-01,1.494894786446820945e-05
3.093984723091125488e-01,1.496290587965631858e-05
3.078385293483734131e-01,1.497686389484442770e-05
3.062784969806671143e-01,1.499082191003253683e-05
3.047184944152832031e-01,1.500477992522064596e-05
3.031585216522216797e-01,1.501873703091405332e-05
3.015984892845153809e-01,1.503269504610216245e-05
3.000385463237762451e-01,1.504665215179556981e-05
2.984785139560699463e-01,1.506061016698367894e-05
2.969185709953308105e-01,1.507456818217178807e-05
2.953585386276245117e-01,1.508852619735989720e-05
2.937985956668853760e-01,1.510248330305330455e-05
2.922385632991790771e-01,1.511644131824141368e-05
2.906786203384399414e-01,1.513039842393482104e-05
2.891185879707336426e-01,1.514435643912293017e-05
2.875585854053497314e-01,1.515831445431103930e-05
2.859986126422882080e-01,1.517227246949914843e-05
2.844386100769042969e-01,1.518623048468725756e-05
2.828786373138427734e-01,1.520018759038066491e-05
2.813186347484588623e-01,1.521414560556877404e-05
2.797586619853973389e-01,1.522810271126218140e-05
2.781986296176910400e-01,1.524206072645029053e-05
2.766386866569519043e-01,1.525601874163839966e-05
2.750786542892456055e-01,1.526997584733180702e-05
2.735187113285064697e-01,1.528393477201461792e-05
2.719586789608001709e-01,1.529789187770802528e-05
2.703986763954162598e-01,1.531184898340143263e-05
2.688387036323547363e-01,1.532580790808424354e-05
2.672787010669708252e-01,1.533976501377765089e-05
2.657187283039093018e-01,1.535372211947105825e-05
2.641587257385253906e-01,1.536768104415386915e-05
2.625987529754638672e-01,1.538163814984727651e-05
2.610387504100799561e-01,1.539559525554068387e-05
2.594787776470184326e-01,1.540955418022349477e-05
2.579187750816345215e-01,1.542351128591690212e-05
2.563588023185729980e-01,1.543746839161030948e-05
2.547987699508666992e-01,1.545142731629312038e-05
2.532387673854827881e-01,1.546538442198652774e-05
2.516787946224212646e-01,1.547934152767993510e-05
2.501187920570373535e-01,1.549330045236274600e-05
2.485588341951370239e-01,1.550725755805615336e-05
2.469988167285919189e-01,1.552121648273896426e-05
2.454388588666915894e-01,1.553517358843237162e-05
2.438788264989852905e-01,1.554913069412577897e-05
2.423188686370849609e-01,1.556308779981918633e-05
2.407588511705398560e-01,1.557704672450199723e-05
2.391988933086395264e-01,1.559100383019540459e-05
2.376388758420944214e-01,1.560496275487821549e-05
2.360788583755493164e-01,1.561891986057162285e-05
2.345189005136489868e-01,1.563287696626503021e-05
2.329588830471038818e-01,1.564683589094784111e-05
2.313989251852035522e-01,1.566079299664124846e-05
2.298389077186584473e-01,1.567475010233465582e-05
2.282789498567581177e-01,1.568870902701746672e-05
2.267189323902130127e-01,1.570266613271087408e-05
2.251589745283126831e-01,1.571662323840428144e-05
2.238718271255493164e-01,1.572925975779071450e-05
2.226188331842422485e-01,1.574173074914142489e-05
2.213658094406127930e-01,1.575420355948153883e-05
2.201127707958221436e-01,1.576667455083224922e-05
2.188597917556762695e-01,1.577914554218295962e-05
2.176067680120468140e-01,1.579161653353367001e-05
2.163537740707397461e-01,1.580408752488438040e-05
2.151007503271102905e-01,1.581656033522449434e-05
2.138477563858032227e-01,1.582903132657520473e-05
2.125947326421737671e-01,1.584150231792591512e-05
2.113417387008666992e-01,1.585397330927662551e-05
2.100887149572372437e-01,1.586644430062733591e-05
2.088357359170913696e-01,1.587891529197804630e-05
2.075826972723007202e-01,1.589138810231816024e-05
2.063296735286712646e-01,1.590385909366887063e-05
2.050766348838806152e-01,1.591633008501958102e-05
2.038237005472183228e-01,1.592880107637029141e-05
2.025706619024276733e-01,1.594127206772100180e-05
2.013176381587982178e-01,1.595374487806111574e-05
2.000645995140075684e-01,1.596621586941182613e-05
1.988116651773452759e-01,1.597868686076253653e-05
1.975586414337158203e-01,1.599115785211324692e-05
1.963056027889251709e-01,1.600362884346395731e-05
1.950525790452957153e-01,1.601610165380407125e-05
1.937995404005050659e-01,1.602857264515478164e-05
1.925466060638427734e-01,1.604104363650549203e-05
1.912935674190521240e-01,1.605351462785620242e-05
1.900405436754226685e-01,1.606598561920691282e-05
1.887875050306320190e-01,1.607845842954702675e-05
1.875345706939697266e-01,1.609092760190833360e-05
1.862815320491790771e-01,1.610340041224844754e-05
1.850285083055496216e-01,1.611587140359915793e-05
1.837754696607589722e-01,1.612834239494986832e-05
1.825225353240966797e-01,1.614081338630057871e-05
1.812695115804672241e-01,1.615328437765128911e-05
1.800164729356765747e-01,1.616575718799140304e-05
1.787634491920471191e-01,1.617822817934211344e-05
1.775104105472564697e-01,1.619069917069282383e-05
1.762574762105941772e-01,1.620317016204353422e-05
1.750044375658035278e-01,1.621564115339424461e-05
1.737514138221740723e-01,1.622811396373435855e-05
1.724983751773834229e-01,1.624058495508506894e-05
1.712454408407211304e-01,1.625305594643577933e-05
1.699924170970916748e-01,1.626552693778648973e-05
1.687393784523010254e-01,1.627799792913720012e-05
1.674863547086715698e-01,1.629047073947731405e-05
1.662333160638809204e-01,1.630294173082802445e-05
1.649803817272186279e-01,1.631541272217873484e-05
1.637273430824279785e-01,1.632788371352944523e-05
1.624743193387985229e-01,1.634035470488015562e-05
1.612212806940078735e-01,1.635282569623086601e-05
1.599683463573455811e-01,1.636529668758157641e-05
1.587153226137161255e-01,1.637776949792169034e-05
1.574622839689254761e-01,1.639024048927240074e-05
1.562092602252960205e-01,1.640271148062311113e-05
1.550573259592056274e-01,1.641446033318061382e-05
1.541074067354202271e-01,1.642476308916229755e-05
1.531575024127960205e-01,1.643506584514398128e-05
1.522075831890106201e-01,1.644536860112566501e-05
1.512576639652252197e-01,1.645567317609675229e-05
1.503078043460845947e-01,1.646597411308903247e-05
1.493578851222991943e-01,1.647627868806011975e-05
1.484079658985137939e-01,1.648658144404180348e-05
1.474580615758895874e-01,1.649688420002348721e-05
1.465082019567489624e-01,1.650718695600517094e-05
1.455582827329635620e-01,1.651748971198685467e-05
1.446083635091781616e-01,1.652779428695794195e-05
1.436584442853927612e-01,1.653809704293962568e-05
1.427085250616073608e-01,1.654839979892130941e-05
1.417586803436279297e-01,1.655870255490299314e-05
1.408087611198425293e-01,1.656900531088467687e-05
1.398588418960571289e-01,1.657930806686636060e-05
1.389089226722717285e-01,1.658961264183744788e-05
1.379590779542922974e-01,1.659991357882972807e-05
1.370091587305068970e-01,1.661021815380081534e-05
1.360592395067214966e-01,1.662052090978249907e-05
1.351093202829360962e-01,1.663082366576418281e-05
1.341594755649566650e-01,1.664112642174586654e-05
1.332095563411712646e-01,1.665142917772755027e-05
1.322596371173858643e-01,1.666173193370923400e-05
1.313097178936004639e-01,1.667203650868032128e-05
1.303597986698150635e-01,1.668233926466200501e-05
1.294099539518356323e-01,1.669264202064368874e-05
1.284600347280502319e-01,1.670294477662537247e-05
1.275101155042648315e-01,1.671324753260705620e-05
1.265601962804794312e-01,1.672355210757814348e-05
1.256103515625000000e-01,1.673385304457042366e-05
1.246604323387145996e-01,1.674415761954151094e-05
1.237105131149291992e-01,1.675446037552319467e-05
1.227605938911437988e-01,1.676476313150487840e-05
1.218106746673583984e-01,1.677506588748656213e-05
1.208608299493789673e-01,1.678536864346824586e-05
1.199109107255935669e-01,1.679567139944992959e-05
1.189609915018081665e-01,1.680597597442101687e-05
1.180110722780227661e-01,1.681627873040270060e-05
1.170612275600433350e-01,1.682658148638438433e-05
1.161113083362579346e-01,1.683688424236606807e-05
1.151613891124725342e-01,1.684718699834775180e-05
1.142114698886871338e-01,1.685748975432943553e-05
1.132616251707077026e-01,1.686779251031111926e-05
1.123117059469223022e-01,1.687809708528220654e-05
1.113617867231369019e-01,1.688839984126389027e-05
1.104118674993515015e-01,1.689870259724557400e-05
1.094619482755661011e-01,1.690900535322725773e-05
1.085121035575866699e-01,1.691930810920894146e-05
1.075621843338012695e-01,1.692961086519062519e-05
1.066122651100158691e-01,1.693991544016171247e-05
1.056623458862304688e-01,1.695021819614339620e-05
1.047124937176704407e-01,1.696052095212507993e-05
1.037625819444656372e-01,1.697082370810676366e-05
1.028126627206802368e-01,1.698112646408844739e-05
1.020721718668937683e-01,1.698954474704805762e-05
1.013915315270423889e-01,1.699742279015481472e-05
1.007109433412551880e-01,1.700530083326157182e-05
1.000303030014038086e-01,1.701318069535773247e-05
9.934967011213302612e-02,1.702105873846448958e-05
9.866902977228164673e-02,1.702893860056065023e-05
9.798844158649444580e-02,1.703681664366740733e-05
9.730780124664306641e-02,1.704469468677416444e-05
9.662716090679168701e-02,1.705257272988092154e-05
9.594652056694030762e-02,1.706045259197708219e-05
9.526593238115310669e-02,1.706833063508383930e-05
9.458529204130172729e-02,1.707620867819059640e-05
9.390465170145034790e-02,1.708408854028675705e-05
9.322401136159896851e-02,1.709196658339351416e-05
9.254337102174758911e-02,1.709984644548967481e-05
9.186278283596038818e-02,1.710772448859643191e-05
9.118214249610900879e-02,1.711560253170318902e-05
9.050150960683822632e-02,1.712348239379934967e-05
8.982086926698684692e-02,1.713136043690610677e-05
8.914028108119964600e-02,1.713923848001286387e-05
8.845964074134826660e-02,1.714711652311962098e-05
8.777900040149688721e-02,1.715499638521578163e-05
8.709836006164550781e-02,1.716287442832253873e-05
8.641771972179412842e-02,1.717075429041869938e-05
8.573713153600692749e-02,1.717863233352545649e-05
8.505649119615554810e-02,1.718651037663221359e-05
8.437585085630416870e-02,1.719439023872837424e-05
8.369521796703338623e-02,1.720226828183513135e-05
8.301462233066558838e-02,1.721014632494188845e-05
8.233398944139480591e-02,1.721802618703804910e-05
8.165334910154342651e-02,1.722590423014480621e-05
8.097270876169204712e-02,1.723378227325156331e-05
8.029212057590484619e-02,1.724166031635832042e-05
7.961148023605346680e-02,1.724954017845448107e-05
7.893083989620208740e-02,1.725741822156123817e-05
7.825019955635070801e-02,1.726529808365739882e-05
7.756955921649932861e-02,1.727317612676415592e-05
7.688897103071212769e-02,1.728105416987091303e-05
7.620833069086074829e-02,1.728893403196707368e-05
7.552769035100936890e-02,1.729681207507383078e-05
7.484705746173858643e-02,1.730469011818058789e-05
7.416646182537078857e-02,1.731256816128734499e-05
7.348582893610000610e-02,1.732044802338350564e-05
7.280518859624862671e-02,1.732832606649026275e-05
7.212454825639724731e-02,1.733620592858642340e-05
7.144390791654586792e-02,1.734408397169318050e-05
7.076331973075866699e-02,1.735196201479993761e-05
7.008267939090728760e-02,1.735984187689609826e-05
6.940203905105590820e-02,1.736771992000285536e-05
6.872139871120452881e-02,1.737559796310961246e-05
6.804081052541732788e-02,1.738347782520577312e-05
6.736017018556594849e-02,1.739135586831253022e-05
6.667952984571456909e-02,1.739923391141928732e-05
6.599889695644378662e-02,1.740711377351544797e-05
6.531830877065658569e-02,1.741499181662220508e-05
6.468696892261505127e-02,1.742235508572775871e-05
6.422824412584304810e-02,1.742791573633439839e-05
6.376951932907104492e-02,1.743347820593044162e-05
6.331079453229904175e-02,1.743903885653708130e-05
6.285210698843002319e-02,1.744459950714372098e-05
6.239338591694831848e-02,1.745016015775036067e-05
6.193466112017631531e-02,1.745572080835700035e-05
6.147593632340431213e-02,1.746128145896364003e-05
6.101724877953529358e-02,1.746684210957027972e-05
6.055852398276329041e-02,1.747240276017691940e-05
6.009979918599128723e-02,1.747796522977296263e-05
5.964107438921928406e-02,1.748352588037960231e-05
5.918235331773757935e-02,1.748908653098624200e-05
5.872366204857826233e-02,1.749464718159288168e-05
5.826493725180625916e-02,1.750020783219952136e-05
5.780621618032455444e-02,1.750576848280616105e-05
5.734749138355255127e-02,1.751133095240220428e-05
5.688880011439323425e-02,1.751689160300884396e-05
5.643007904291152954e-02,1.752245225361548364e-05
5.597135424613952637e-02,1.752801290422212332e-05
5.551262944936752319e-02,1.753357355482876301e-05
5.505394190549850464e-02,1.753913420543540269e-05
5.459521710872650146e-02,1.754469485604204237e-05
5.413649231195449829e-02,1.755025550664868206e-05
5.367776751518249512e-02,1.755581797624472529e-05
5.321904644370079041e-02,1.756137862685136497e-05
5.276035517454147339e-02,1.756693927745800465e-05
5.230163037776947021e-02,1.757249992806464434e-05
5.184290930628776550e-02,1.757806057867128402e-05
5.138418450951576233e-02,1.758362122927792370e-05
5.092549324035644531e-02,1.758918187988456339e-05
5.046677216887474060e-02,1.759474434948060662e-05
5.000804737210273743e-02,1.760030500008724630e-05
4.954932257533073425e-02,1.760586565069388598e-05
4.909059777855873108e-02,1.761142630130052567e-05
4.863191023468971252e-02,1.761698695190716535e-05
4.817318543791770935e-02,1.762254760251380503e-05
4.771446064114570618e-02,1.762810825312044472e-05
4.725573956966400146e-02,1.763367072271648794e-05
4.679704830050468445e-02,1.763923137332312763e-05
4.633832350373268127e-02,1.764479202392976731e-05
4.587960243225097656e-02,1.765035267453640699e-05
4.542087763547897339e-02,1.765591332514304668e-05
4.496218636631965637e-02,1.766147397574968636e-05
4.450346529483795166e-02,1.766703462635632604e-05
4.404474049806594849e-02,1.767259527696296573e-05
4.358601570129394531e-02,1.767815774655900896e-05
4.312729090452194214e-02,1.768371839716564864e-05
4.266860336065292358e-02,1.768927904777228832e-05
4.220987856388092041e-02,1.769483969837892801e-05
4.175115376710891724e-02,1.770040034898556769e-05
4.129243269562721252e-02,1.770596099959220737e-05
4.083374142646789551e-02,1.771152165019884706e-05
4.037501662969589233e-02,1.771708411979489028e-05
3.991629555821418762e-02,1.772264477040152997e-05
3.945757076144218445e-02,1.772820542100816965e-05
3.911439329385757446e-02,1.773243639036081731e-05
3.882900997996330261e-02,1.773600342858117074e-05
3.854360803961753845e-02,1.773957046680152416e-05
3.825820237398147583e-02,1.774313750502187759e-05
3.797280043363571167e-02,1.774670454324223101e-05
3.768741711974143982e-02,1.775027158146258444e-05
3.740201517939567566e-02,1.775383861968293786e-05
3.711660951375961304e-02,1.775740565790329129e-05
3.683120757341384888e-02,1.776097269612364471e-05
3.654582425951957703e-02,1.776453973434399813e-05
3.626041859388351440e-02,1.776810677256435156e-05
3.597501665353775024e-02,1.777167381078470498e-05
3.568961471319198608e-02,1.777524084900505841e-05
3.540420904755592346e-02,1.777880788722541183e-05
3.511882573366165161e-02,1.778237310645636171e-05
3.483342379331588745e-02,1.778594014467671514e-05
3.454801812767982483e-02,1.778950718289706856e-05
3.426261618733406067e-02,1.779307422111742198e-05
3.397723287343978882e-02,1.779664125933777541e-05
3.369183093309402466e-02,1.780020829755812883e-05
3.340642526745796204e-02,1.780377533577848226e-05
3.312102332711219788e-02,1.780734237399883568e-05
3.283561766147613525e-02,1.781090941221918911e-05
3.255023434758186340e-02,1.781447645043954253e-05
3.226483240723609924e-02,1.781804348865989596e-05
3.197943046689033508e-02,1.782161052688024938e-05
3.169402480125427246e-02,1.782517756510060281e-05
3.140864148736000061e-02,1.782874460332095623e-05
3.112323954701423645e-02,1.783230982255190611e-05
3.083783574402332306e-02,1.783587686077225953e-05
3.055243194103240967e-02,1.783944389899261296e-05
3.026704862713813782e-02,1.784301093721296638e-05
2.998164482414722443e-02,1.784657797543331981e-05
2.969624102115631104e-02,1.785014501365367323e-05
2.941083721816539764e-02,1.785371205187402666e-05
2.912543527781963348e-02,1.785727909009438008e-05
2.884005196392536163e-02,1.786084612831473351e-05
2.855464816093444824e-02,1.786441316653508693e-05
2.826924435794353485e-02,1.786798020475544035e-05
2.798384055495262146e-02,1.787154724297579378e-05
2.769845910370349884e-02,1.787511428119614720e-05
2.741305530071258545e-02,1.787868131941650063e-05
2.712765149772167206e-02,1.788224835763685405e-05
2.684224769473075867e-02,1.788581539585720748e-05
2.655684389173984528e-02,1.788938243407756090e-05
2.627146057784557343e-02,1.789294765330851078e-05
2.598605677485466003e-02,1.789651469152886420e-05
2.570065297186374664e-02,1.790008172974921763e-05
2.541525103151798248e-02,1.790364876796957105e-05
2.512986771762371063e-02,1.790721580618992448e-05
2.484446391463279724e-02,1.791078284441027790e-05
2.455906011164188385e-02,1.791434988263063133e-05
2.427365630865097046e-02,1.791791692085098475e-05
2.398827485740184784e-02,1.792148395907133818e-05
2.370287105441093445e-02,1.792505099729169160e-05
2.343216724693775177e-02,1.792843795556109399e-05
2.327909134328365326e-02,1.793038609321229160e-05
2.312601730227470398e-02,1.793233423086348921e-05
2.297295443713665009e-02,1.793428236851468682e-05
2.281987853348255157e-02,1.793623050616588444e-05
2.266680449247360229e-02,1.793817864381708205e-05
2.251372858881950378e-02,1.794012678146827966e-05
2.236066572368144989e-02,1.794207310013007373e-05
2.220759168267250061e-02,1.794402123778127134e-05
2.205451577901840210e-02,1.794596937543246895e-05
2.190144173800945282e-02,1.794791751308366656e-05
2.174836769700050354e-02,1.794986565073486418e-05
2.159530296921730042e-02,1.795181378838606179e-05
2.144222892820835114e-02,1.795376192603725940e-05
2.128915302455425262e-02,1.795571006368845701e-05
2.113607898354530334e-02,1.795765820133965462e-05
2.098301611840724945e-02,1.795960633899085224e-05
2.082994021475315094e-02,1.796155447664204985e-05
2.067686617374420166e-02,1.796350261429324746e-05
2.052379213273525238e-02,1.796545075194444507e-05
2.037072740495204926e-02,1.796739707060623914e-05
2.021765336394309998e-02,1.796934520825743675e-05
2.006457746028900146e-02,1.797129334590863436e-05
1.991150341928005219e-02,1.797324148355983198e-05
1.975842937827110291e-02,1.797518962121102959e-05
1.960536465048789978e-02,1.797713775886222720e-05
1.945229060947895050e-02,1.797908589651342481e-05
1.929921656847000122e-02,1.798103403416462243e-05
1.914614066481590271e-02,1.798298217181582004e-05
1.899307779967784882e-02,1.798493030946701765e-05
1.884000375866889954e-02,1.798687844711821526e-05
1.868692785501480103e-02,1.798882658476941288e-05
1.853385381400585175e-02,1.799077472242061049e-05
1.838077791035175323e-02,1.799272286007180810e-05
1.822771504521369934e-02,1.799466917873360217e-05
1.807464100420475006e-02,1.799661731638479978e-05
1.792156510055065155e-02,1.799856545403599739e-05
1.776849105954170227e-02,1.800051359168719500e-05
1.761542819440364838e-02,1.800246172933839262e-05
1.746235229074954987e-02,1.800440986698959023e-05
1.730927824974060059e-02,1.800635800464078784e-05
1.715620234608650208e-02,1.800830614229198545e-05
1.700313948094844818e-02,1.801025427994318306e-05
1.685006543993949890e-02,1.801220241759438068e-05
1.669698953628540039e-02,1.801415055524557829e-05
1.654391549527645111e-02,1.801609869289677590e-05
1.639083959162235260e-02,1.801804683054797351e-05
1.623777672648429871e-02,1.801999496819917113e-05
1.608470268547534943e-02,1.802194310585036874e-05
1.593162678182125092e-02,1.802388942451216280e-05
1.577855274081230164e-02,1.802583756216336042e-05
1.562548987567424774e-02,1.802778569981455803e-05
1.547241397202014923e-02,1.802973383746575564e-05
1.531933993101119995e-02,1.803168197511695325e-05
1.516626495867967606e-02,1.803363011276815087e-05
1.501318998634815216e-02,1.803557825041934848e-05
1.491855643689632416e-02,1.803678605938330293e-05
1.487066410481929779e-02,1.803740087780170143e-05
1.482277177274227142e-02,1.803801387723069638e-05
1.477487944066524506e-02,1.803862869564909488e-05
1.472699083387851715e-02,1.803924351406749338e-05
1.467909850180149078e-02,1.803985833248589188e-05
1.463120616972446442e-02,1.804047315090429038e-05
1.458331383764743805e-02,1.804108796932268888e-05
1.453542523086071014e-02,1.804170278774108738e-05
1.448753289878368378e-02,1.804231578717008233e-05
1.443964056670665741e-02,1.804293060558848083e-05
1.439174823462963104e-02,1.804354542400687933e-05
1.434385590255260468e-02,1.804416024242527783e-05
1.429596729576587677e-02,1.804477506084367633e-05
1.424807496368885040e-02,1.804538987926207483e-05
1.420018263161182404e-02,1.804600469768047333e-05
1.415229029953479767e-02,1.804661769710946828e-05
1.410440169274806976e-02,1.804723251552786678e-05
1.405650936067104340e-02,1.804784733394626528e-05
1.400861795991659164e-02,1.804846215236466378e-05
1.396072562783956528e-02,1.804907697078306228e-05
1.391283329576253891e-02,1.804969178920146078e-05
1.386494468897581100e-02,1.805030660761985928e-05
1.381705235689878464e-02,1.805091960704885423e-05
1.376916002482175827e-02,1.805153442546725273e-05
1.372126769274473190e-02,1.805214924388565123e-05
1.367337908595800400e-02,1.805276406230404973e-05
1.362548675388097763e-02,1.805337888072244823e-05
1.357759442180395126e-02,1.805399369914084673e-05
1.352970208972692490e-02,1.805460851755924523e-05
1.348181348294019699e-02,1.805522151698824018e-05
1.343392115086317062e-02,1.805583633540663868e-05
1.338602881878614426e-02,1.805645115382503718e-05
1.333813648670911789e-02,1.805706597224343568e-05
1.329024415463209152e-02,1.805768079066183418e-05
1.324235554784536362e-02,1.805829560908023268e-05
1.319446321576833725e-02,1.805891042749863118e-05
1.314657088369131088e-02,1.805952524591702968e-05
1.309867855161428452e-02,1.806013824534602463e-05
1.305078994482755661e-02,1.806075306376442313e-05
1.300289761275053024e-02,1.806136788218282163e-05
1.295500528067350388e-02,1.806198270060122013e-05
1.290711294859647751e-02,1.806259751901961863e-05
1.285922154784202576e-02,1.806321233743801713e-05
1.281133200973272324e-02,1.806382715585641563e-05
1.276344060897827148e-02,1.806444015528541058e-05
1.271554827690124512e-02,1.806505497370380908e-05
1.266765594482421875e-02,1.806566979212220758e-05
1.261976733803749084e-02,1.806628461054060608e-05
1.257187500596046448e-02,1.806689942895900458e-05
1.252398267388343811e-02,1.806751424737740308e-05
1.247609034180641174e-02,1.806812906579580158e-05
1.242820173501968384e-02,1.806874206522479653e-05
1.238030940294265747e-02,1.806935688364319503e-05
1.233241707086563110e-02,1.806997170206159353e-05
1.228452473878860474e-02,1.807058652047999203e-05
