Temperature,YCH4,viscosityWilke,viscosityDavidson
293.15,0.982431,1.11036e-05,1.10924e-05
293.15,0.98235,1.11039e-05,1.10927e-05
293.15,0.982268,1.11043e-05,1.1093e-05
293.15,0.982187,1.11047e-05,1.10934e-05
293.15,0.982105,1.11051e-05,1.10937e-05
293.15,0.982024,1.11054e-05,1.1094e-05
293.15,0.981942,1.11058e-05,1.10943e-05
293.15,0.981861,1.11062e-05,1.10946e-05
293.15,0.981779,1.11065e-05,1.1095e-05
293.15,0.981698,1.11069e-05,1.10953e-05
293.15,0.981616,1.11073e-05,1.10956e-05
293.15,0.981535,1.11077e-05,1.10959e-05
293.15,0.981453,1.1108e-05,1.10962e-05
293.15,0.981372,1.11084e-05,1.10966e-05
293.15,0.981291,1.11088e-05,1.10969e-05
293.15,0.981209,1.11091e-05,1.10972e-05
293.15,0.981128,1.11095e-05,1.10975e-05
293.15,0.981046,1.11099e-05,1.10978e-05
293.15,0.980965,1.11103e-05,1.10982e-05
293.15,0.980883,1.11106e-05,1.10985e-05
293.15,0.980802,1.1111e-05,1.10988e-05
293.15,0.98072,1.11114e-05,1.10991e-05
293.15,0.980639,1.11117e-05,1.10994e-05
293.15,0.980557,1.11121e-05,1.10998e-05
293.15,0.980476,1.11125e-05,1.11001e-05
293.15,0.980394,1.11129e-05,1.11004e-05
293.15,0.980313,1.11132e-05,1.11007e-05
293.15,0.980231,1.11136e-05,1.1101e-05
293.15,0.98015,1.1114e-05,1.11014e-05
293.15,0.980068,1.11143e-05,1.11017e-05
293.15,0.979987,1.11147e-05,1.1102e-05
293.15,0.979905,1.11151e-05,1.11023e-05
293.15,0.979824,1.11155e-05,1.11026e-05
293.15,0.979742,1.11158e-05,1.1103e-05
293.15,0.979661,1.11162e-05,1.11033e-05
293.15,0.97958,1.11166e-05,1.11036e-05
293.15,0.979498,1.1117e-05,1.11039e-05
293.15,0.979417,1.11173e-05,1.11043e-05
293.15,0.979335,1.11177e-05,1.11046e-05
293.15,0.979254,1.11181e-05,1.11049e-05
293.15,0.979172,1.11184e-05,1.11052e-05
293.15,0.979091,1.11188e-05,1.11055e-05
293.15,0.979009,1.11192e-05,1.11059e-05
293.15,0.978928,1.11196e-05,1.11062e-05
293.15,0.978846,1.11199e-05,1.11065e-05
293.15,0.978765,1.11203e-05,1.11068e-05
293.15,0.978683,1.11207e-05,1.11071e-05
293.15,0.978602,1.11211e-05,1.11075e-05
293.15,0.97852,1.11214e-05,1.11078e-05
293.15,0.978439,1.11218e-05,1.11081e-05
293.15,0.978357,1.11222e-05,1.11084e-05
293.15,0.978276,1.11225e-05,1.11087e-05
293.15,0.978194,1.11229e-05,1.11091e-05
293.15,0.978113,1.11233e-05,1.11094e-05
293.15,0.978031,1.11237e-05,1.11097e-05
293.15,0.97795,1.1124e-05,1.111e-05
293.15,0.977787,1.11248e-05,1.11107e-05
293.15,0.977521,1.1126e-05,1.11117e-05
293.15,0.977255,1.11272e-05,1.11128e-05
293.15,0.976989,1.11284e-05,1.11138e-05
293.15,0.976723,1.11296e-05,1.11149e-05
293.15,0.976457,1.11309e-05,1.11159e-05
293.15,0.976192,1.11321e-05,1.1117e-05
293.15,0.975926,1.11333e-05,1.1118e-05
293.15,0.97566,1.11345e-05,1.11191e-05
293.15,0.975394,1.11357e-05,1.11201e-05
293.15,0.975128,1.1137e-05,1.11212e-05
293.15,0.974862,1.11382e-05,1.11222e-05
293.15,0.974597,1.11394e-05,1.11233e-05
293.15,0.974331,1.11406e-05,1.11243e-05
293.15,0.974065,1.11418e-05,1.11254e-05
293.15,0.973799,1.11431e-05,1.11264e-05
293.15,0.973533,1.11443e-05,1.11275e-05
293.15,0.973268,1.11455e-05,1.11285e-05
293.15,0.973002,1.11467e-05,1.11296e-05
293.15,0.972736,1.11479e-05,1.11307e-05
293.15,0.97247,1.11492e-05,1.11317e-05
293.15,0.972204,1.11504e-05,1.11328e-05
293.15,0.971938,1.11516e-05,1.11338e-05
293.15,0.971673,1.11528e-05,1.11349e-05
293.15,0.971407,1.1154e-05,1.11359e-05
293.15,0.971141,1.11553e-05,1.1137e-05
293.15,0.970875,1.11565e-05,1.1138e-05
293.15,0.970609,1.11577e-05,1.11391e-05
293.15,0.970343,1.11589e-05,1.11401e-05
293.15,0.970078,1.11602e-05,1.11412e-05
293.15,0.969812,1.11614e-05,1.11423e-05
293.15,0.969546,1.11626e-05,1.11433e-05
293.15,0.96928,1.11638e-05,1.11444e-05
293.15,0.969014,1.11651e-05,1.11454e-05
293.15,0.968749,1.11663e-05,1.11465e-05
293.15,0.968483,1.11675e-05,1.11475e-05
293.15,0.968217,1.11687e-05,1.11486e-05
293.15,0.967951,1.117e-05,1.11497e-05
293.15,0.967685,1.11712e-05,1.11507e-05
293.15,0.967419,1.11724e-05,1.11518e-05
293.15,0.967154,1.11736e-05,1.11528e-05
293.15,0.966888,1.11749e-05,1.11539e-05
293.15,0.966622,1.11761e-05,1.1155e-05
293.15,0.966356,1.11773e-05,1.1156e-05
293.15,0.96609,1.11785e-05,1.11571e-05
293.15,0.965824,1.11798e-05,1.11581e-05
293.15,0.965559,1.1181e-05,1.11592e-05
293.15,0.965293,1.11822e-05,1.11603e-05
293.15,0.965027,1.11834e-05,1.11613e-05
293.15,0.964761,1.11847e-05,1.11624e-05
293.15,0.964495,1.11859e-05,1.11635e-05
293.15,0.96423,1.11871e-05,1.11645e-05
293.15,0.963964,1.11884e-05,1.11656e-05
293.15,0.963698,1.11896e-05,1.11666e-05
293.15,0.963432,1.11908e-05,1.11677e-05
293.15,0.963166,1.11921e-05,1.11688e-05
293.15,0.962688,1.11943e-05,1.11707e-05
293.15,0.962184,1.11966e-05,1.11727e-05
293.15,0.96168,1.11989e-05,1.11747e-05
293.15,0.961175,1.12013e-05,1.11767e-05
293.15,0.960671,1.12036e-05,1.11788e-05
293.15,0.960167,1.12059e-05,1.11808e-05
293.15,0.959662,1.12083e-05,1.11828e-05
293.15,0.959158,1.12106e-05,1.11848e-05
293.15,0.958654,1.1213e-05,1.11869e-05
293.15,0.958149,1.12153e-05,1.11889e-05
293.15,0.957645,1.12177e-05,1.11909e-05
293.15,0.957141,1.122e-05,1.1193e-05
293.15,0.956636,1.12223e-05,1.1195e-05
293.15,0.956132,1.12247e-05,1.1197e-05
293.15,0.955628,1.1227e-05,1.11991e-05
293.15,0.955123,1.12294e-05,1.12011e-05
293.15,0.954619,1.12317e-05,1.12031e-05
293.15,0.954115,1.12341e-05,1.12052e-05
293.15,0.95361,1.12364e-05,1.12072e-05
293.15,0.953106,1.12388e-05,1.12092e-05
293.15,0.952602,1.12411e-05,1.12113e-05
293.15,0.952097,1.12435e-05,1.12133e-05
293.15,0.951593,1.12458e-05,1.12154e-05
293.15,0.951089,1.12482e-05,1.12174e-05
293.15,0.950584,1.12506e-05,1.12194e-05
293.15,0.95008,1.12529e-05,1.12215e-05
293.15,0.949576,1.12553e-05,1.12235e-05
293.15,0.949071,1.12576e-05,1.12256e-05
293.15,0.948567,1.126e-05,1.12276e-05
293.15,0.948062,1.12624e-05,1.12297e-05
293.15,0.947558,1.12647e-05,1.12317e-05
293.15,0.947054,1.12671e-05,1.12338e-05
293.15,0.946549,1.12694e-05,1.12358e-05
293.15,0.946045,1.12718e-05,1.12379e-05
293.15,0.945541,1.12742e-05,1.12399e-05
293.15,0.945036,1.12765e-05,1.1242e-05
293.15,0.944532,1.12789e-05,1.1244e-05
293.15,0.944028,1.12813e-05,1.12461e-05
293.15,0.943523,1.12836e-05,1.12482e-05
293.15,0.943019,1.1286e-05,1.12502e-05
293.15,0.942515,1.12884e-05,1.12523e-05
293.15,0.94201,1.12908e-05,1.12543e-05
293.15,0.941506,1.12931e-05,1.12564e-05
293.15,0.941002,1.12955e-05,1.12585e-05
293.15,0.940497,1.12979e-05,1.12605e-05
293.15,0.939993,1.13002e-05,1.12626e-05
293.15,0.939489,1.13026e-05,1.12647e-05
293.15,0.938984,1.1305e-05,1.12667e-05
293.15,0.93848,1.13074e-05,1.12688e-05
293.15,0.937976,1.13098e-05,1.12709e-05
293.15,0.937471,1.13121e-05,1.12729e-05
293.15,0.936967,1.13145e-05,1.1275e-05
293.15,0.936463,1.13169e-05,1.12771e-05
293.15,0.935958,1.13193e-05,1.12791e-05
293.15,0.935454,1.13217e-05,1.12812e-05
293.15,0.934846,1.13245e-05,1.12837e-05
293.15,0.93403,1.13284e-05,1.12871e-05
293.15,0.933215,1.13323e-05,1.12904e-05
293.15,0.932399,1.13361e-05,1.12938e-05
293.15,0.931583,1.134e-05,1.12972e-05
293.15,0.930768,1.13439e-05,1.13005e-05
293.15,0.929952,1.13477e-05,1.13039e-05
293.15,0.929137,1.13516e-05,1.13073e-05
293.15,0.928321,1.13555e-05,1.13107e-05
293.15,0.927505,1.13594e-05,1.13141e-05
293.15,0.92669,1.13632e-05,1.13174e-05
293.15,0.925874,1.13671e-05,1.13208e-05
293.15,0.925059,1.1371e-05,1.13242e-05
293.15,0.924243,1.13749e-05,1.13276e-05
293.15,0.923427,1.13788e-05,1.1331e-05
293.15,0.922612,1.13827e-05,1.13344e-05
293.15,0.921796,1.13866e-05,1.13378e-05
293.15,0.92098,1.13905e-05,1.13412e-05
293.15,0.920165,1.13944e-05,1.13446e-05
293.15,0.919349,1.13983e-05,1.1348e-05
293.15,0.918534,1.14022e-05,1.13514e-05
293.15,0.917718,1.14061e-05,1.13548e-05
293.15,0.916902,1.141e-05,1.13583e-05
293.15,0.916087,1.14139e-05,1.13617e-05
293.15,0.915271,1.14178e-05,1.13651e-05
293.15,0.914456,1.14218e-05,1.13685e-05
293.15,0.91364,1.14257e-05,1.1372e-05
293.15,0.912824,1.14296e-05,1.13754e-05
293.15,0.912009,1.14335e-05,1.13788e-05
293.15,0.911193,1.14375e-05,1.13823e-05
293.15,0.910378,1.14414e-05,1.13857e-05
293.15,0.909562,1.14453e-05,1.13891e-05
293.15,0.908746,1.14493e-05,1.13926e-05
293.15,0.907931,1.14532e-05,1.1396e-05
293.15,0.907115,1.14571e-05,1.13995e-05
293.15,0.906299,1.14611e-05,1.14029e-05
293.15,0.905484,1.1465e-05,1.14064e-05
293.15,0.904668,1.1469e-05,1.14099e-05
293.15,0.903853,1.14729e-05,1.14133e-05
293.15,0.903037,1.14769e-05,1.14168e-05
293.15,0.902221,1.14808e-05,1.14203e-05
293.15,0.901406,1.14848e-05,1.14237e-05
293.15,0.90059,1.14888e-05,1.14272e-05
293.15,0.899775,1.14927e-05,1.14307e-05
293.15,0.898959,1.14967e-05,1.14342e-05
293.15,0.898143,1.15007e-05,1.14376e-05
293.15,0.897328,1.15046e-05,1.14411e-05
293.15,0.896512,1.15086e-05,1.14446e-05
293.15,0.895697,1.15126e-05,1.14481e-05
293.15,0.894881,1.15166e-05,1.14516e-05
293.15,0.894065,1.15205e-05,1.14551e-05
293.15,0.89325,1.15245e-05,1.14586e-05
293.15,0.892434,1.15285e-05,1.14621e-05
293.15,0.891618,1.15325e-05,1.14656e-05
293.15,0.890803,1.15365e-05,1.14691e-05
293.15,0.889987,1.15405e-05,1.14726e-05
293.15,0.888885,1.15459e-05,1.14774e-05
293.15,0.887701,1.15517e-05,1.14825e-05
293.15,0.886516,1.15575e-05,1.14876e-05
293.15,0.885332,1.15633e-05,1.14927e-05
293.15,0.884148,1.15692e-05,1.14979e-05
293.15,0.882964,1.1575e-05,1.1503e-05
293.15,0.881779,1.15808e-05,1.15081e-05
293.15,0.880595,1.15867e-05,1.15133e-05
293.15,0.879411,1.15925e-05,1.15184e-05
293.15,0.878226,1.15984e-05,1.15236e-05
293.15,0.877042,1.16043e-05,1.15288e-05
293.15,0.875858,1.16101e-05,1.15339e-05
293.15,0.874674,1.1616e-05,1.15391e-05
293.15,0.873489,1.16219e-05,1.15443e-05
293.15,0.872305,1.16277e-05,1.15495e-05
293.15,0.871121,1.16336e-05,1.15547e-05
293.15,0.869936,1.16395e-05,1.15599e-05
293.15,0.868752,1.16454e-05,1.15651e-05
293.15,0.867568,1.16513e-05,1.15703e-05
293.15,0.866384,1.16572e-05,1.15756e-05
293.15,0.865199,1.16632e-05,1.15808e-05
293.15,0.864015,1.16691e-05,1.1586e-05
293.15,0.862831,1.1675e-05,1.15913e-05
293.15,0.861646,1.16809e-05,1.15965e-05
293.15,0.860462,1.16869e-05,1.16018e-05
293.15,0.859278,1.16928e-05,1.1607e-05
293.15,0.858094,1.16988e-05,1.16123e-05
293.15,0.856909,1.17047e-05,1.16176e-05
293.15,0.855725,1.17107e-05,1.16229e-05
293.15,0.854541,1.17167e-05,1.16281e-05
293.15,0.853356,1.17226e-05,1.16334e-05
293.15,0.852172,1.17286e-05,1.16387e-05
293.15,0.850988,1.17346e-05,1.1644e-05
293.15,0.849804,1.17406e-05,1.16494e-05
293.15,0.848619,1.17466e-05,1.16547e-05
293.15,0.847435,1.17526e-05,1.166e-05
293.15,0.846251,1.17586e-05,1.16653e-05
293.15,0.845067,1.17646e-05,1.16707e-05
293.15,0.843882,1.17706e-05,1.1676e-05
293.15,0.842698,1.17766e-05,1.16814e-05
293.15,0.841514,1.17827e-05,1.16867e-05
293.15,0.840329,1.17887e-05,1.16921e-05
293.15,0.839145,1.17947e-05,1.16975e-05
293.15,0.837961,1.18008e-05,1.17029e-05
293.15,0.836777,1.18068e-05,1.17082e-05
293.15,0.835592,1.18129e-05,1.17136e-05
293.15,0.834408,1.1819e-05,1.1719e-05
293.15,0.833224,1.1825e-05,1.17244e-05
293.15,0.832039,1.18311e-05,1.17299e-05
293.15,0.830855,1.18372e-05,1.17353e-05
293.15,0.829671,1.18433e-05,1.17407e-05
293.15,0.828487,1.18494e-05,1.17461e-05
293.15,0.827302,1.18555e-05,1.17516e-05
293.15,0.826118,1.18616e-05,1.1757e-05
293.15,0.824934,1.18677e-05,1.17625e-05
293.15,0.823667,1.18742e-05,1.17683e-05
293.15,0.822111,1.18823e-05,1.17755e-05
293.15,0.820555,1.18903e-05,1.17827e-05
293.15,0.818999,1.18984e-05,1.17899e-05
293.15,0.817443,1.19065e-05,1.17971e-05
293.15,0.815887,1.19146e-05,1.18044e-05
293.15,0.814331,1.19226e-05,1.18116e-05
293.15,0.812775,1.19308e-05,1.18189e-05
293.15,0.811219,1.19389e-05,1.18261e-05
293.15,0.809663,1.1947e-05,1.18334e-05
293.15,0.808107,1.19551e-05,1.18407e-05
293.15,0.806551,1.19633e-05,1.1848e-05
293.15,0.804996,1.19714e-05,1.18553e-05
293.15,0.80344,1.19796e-05,1.18626e-05
293.15,0.801884,1.19878e-05,1.187e-05
293.15,0.800328,1.1996e-05,1.18773e-05
293.15,0.798772,1.20042e-05,1.18847e-05
293.15,0.797216,1.20124e-05,1.18921e-05
293.15,0.79566,1.20206e-05,1.18995e-05
293.15,0.794104,1.20289e-05,1.19069e-05
293.15,0.792548,1.20371e-05,1.19143e-05
293.15,0.790992,1.20454e-05,1.19217e-05
293.15,0.789436,1.20536e-05,1.19291e-05
293.15,0.78788,1.20619e-05,1.19366e-05
293.15,0.786324,1.20702e-05,1.1944e-05
293.15,0.784768,1.20785e-05,1.19515e-05
293.15,0.783212,1.20868e-05,1.1959e-05
293.15,0.781656,1.20951e-05,1.19665e-05
293.15,0.7801,1.21034e-05,1.1974e-05
293.15,0.778544,1.21118e-05,1.19815e-05
293.15,0.776988,1.21201e-05,1.19891e-05
293.15,0.775432,1.21285e-05,1.19966e-05
293.15,0.773877,1.21368e-05,1.20042e-05
293.15,0.772321,1.21452e-05,1.20118e-05
293.15,0.770765,1.21536e-05,1.20194e-05
293.15,0.769209,1.2162e-05,1.2027e-05
293.15,0.767653,1.21704e-05,1.20346e-05
293.15,0.766097,1.21789e-05,1.20422e-05
293.15,0.764541,1.21873e-05,1.20498e-05
293.15,0.762985,1.21957e-05,1.20575e-05
293.15,0.761429,1.22042e-05,1.20651e-05
293.15,0.759873,1.22127e-05,1.20728e-05
293.15,0.758317,1.22211e-05,1.20805e-05
293.15,0.756761,1.22296e-05,1.20882e-05
293.15,0.755205,1.22381e-05,1.20959e-05
293.15,0.753649,1.22467e-05,1.21037e-05
293.15,0.752093,1.22552e-05,1.21114e-05
293.15,0.750537,1.22637e-05,1.21192e-05
293.15,0.748981,1.22723e-05,1.21269e-05
293.15,0.747425,1.22808e-05,1.21347e-05
293.15,0.745869,1.22894e-05,1.21425e-05
293.15,0.744313,1.2298e-05,1.21503e-05
293.15,0.742758,1.23066e-05,1.21581e-05
293.15,0.741202,1.23152e-05,1.2166e-05
293.15,0.739646,1.23238e-05,1.21738e-05
293.15,0.73809,1.23324e-05,1.21817e-05
293.15,0.736337,1.23421e-05,1.21905e-05
293.15,0.734485,1.23524e-05,1.21999e-05
293.15,0.732634,1.23627e-05,1.22093e-05
293.15,0.730782,1.23731e-05,1.22188e-05
293.15,0.72893,1.23834e-05,1.22282e-05
293.15,0.727079,1.23938e-05,1.22377e-05
293.15,0.725227,1.24041e-05,1.22472e-05
293.15,0.723376,1.24145e-05,1.22567e-05
293.15,0.721524,1.24249e-05,1.22662e-05
293.15,0.719672,1.24354e-05,1.22757e-05
293.15,0.717821,1.24458e-05,1.22853e-05
293.15,0.715969,1.24562e-05,1.22949e-05
293.15,0.714118,1.24667e-05,1.23045e-05
293.15,0.712266,1.24772e-05,1.23141e-05
293.15,0.710414,1.24877e-05,1.23237e-05
293.15,0.708563,1.24982e-05,1.23334e-05
293.15,0.706711,1.25088e-05,1.23431e-05
293.15,0.70486,1.25193e-05,1.23528e-05
293.15,0.703008,1.25299e-05,1.23625e-05
293.15,0.701156,1.25405e-05,1.23722e-05
293.15,0.699305,1.25511e-05,1.2382e-05
293.15,0.697453,1.25617e-05,1.23918e-05
293.15,0.695602,1.25724e-05,1.24015e-05
293.15,0.69375,1.2583e-05,1.24114e-05
293.15,0.691899,1.25937e-05,1.24212e-05
293.15,0.690047,1.26044e-05,1.24311e-05
293.15,0.688195,1.26151e-05,1.24409e-05
293.15,0.686344,1.26258e-05,1.24508e-05
293.15,0.684492,1.26366e-05,1.24608e-05
293.15,0.682641,1.26473e-05,1.24707e-05
293.15,0.680789,1.26581e-05,1.24807e-05
293.15,0.678937,1.26689e-05,1.24906e-05
293.15,0.677086,1.26797e-05,1.25007e-05
293.15,0.675234,1.26905e-05,1.25107e-05
293.15,0.673383,1.27014e-05,1.25207e-05
293.15,0.671531,1.27122e-05,1.25308e-05
293.15,0.66968,1.27231e-05,1.25409e-05
293.15,0.667828,1.2734e-05,1.2551e-05
293.15,0.665976,1.27449e-05,1.25611e-05
293.15,0.664125,1.27558e-05,1.25712e-05
293.15,0.662273,1.27668e-05,1.25814e-05
293.15,0.660422,1.27778e-05,1.25916e-05
293.15,0.65857,1.27887e-05,1.26018e-05
293.15,0.656718,1.27997e-05,1.26121e-05
293.15,0.654867,1.28108e-05,1.26223e-05
293.15,0.653015,1.28218e-05,1.26326e-05
293.15,0.651164,1.28329e-05,1.26429e-05
293.15,0.649312,1.28439e-05,1.26532e-05
293.15,0.647461,1.2855e-05,1.26635e-05
293.15,0.645609,1.28661e-05,1.26739e-05
293.15,0.643757,1.28773e-05,1.26843e-05
293.15,0.641906,1.28884e-05,1.26947e-05
293.15,0.640054,1.28996e-05,1.27051e-05
293.15,0.638203,1.29107e-05,1.27156e-05
293.15,0.636351,1.29219e-05,1.2726e-05
293.15,0.634483,1.29333e-05,1.27366e-05
293.15,0.632479,1.29454e-05,1.2748e-05
293.15,0.630475,1.29576e-05,1.27594e-05
293.15,0.628471,1.29698e-05,1.27709e-05
293.15,0.626467,1.2982e-05,1.27823e-05
293.15,0.624464,1.29943e-05,1.27938e-05
293.15,0.62246,1.30065e-05,1.28053e-05
293.15,0.620456,1.30188e-05,1.28169e-05
293.15,0.618452,1.30311e-05,1.28284e-05
293.15,0.616448,1.30435e-05,1.284e-05
293.15,0.614445,1.30558e-05,1.28516e-05
293.15,0.612441,1.30682e-05,1.28633e-05
293.15,0.610437,1.30806e-05,1.2875e-05
293.15,0.608433,1.3093e-05,1.28867e-05
293.15,0.60643,1.31055e-05,1.28984e-05
293.15,0.604426,1.31179e-05,1.29101e-05
293.15,0.602422,1.31304e-05,1.29219e-05
293.15,0.600418,1.31429e-05,1.29337e-05
293.15,0.598414,1.31555e-05,1.29456e-05
293.15,0.596411,1.3168e-05,1.29574e-05
293.15,0.594407,1.31806e-05,1.29693e-05
293.15,0.592403,1.31932e-05,1.29812e-05
293.15,0.590399,1.32058e-05,1.29932e-05
293.15,0.588395,1.32185e-05,1.30052e-05
293.15,0.586392,1.32311e-05,1.30172e-05
293.15,0.584388,1.32438e-05,1.30292e-05
293.15,0.582384,1.32565e-05,1.30412e-05
293.15,0.58038,1.32693e-05,1.30533e-05
293.15,0.578376,1.3282e-05,1.30654e-05
293.15,0.576373,1.32948e-05,1.30776e-05
293.15,0.574369,1.33076e-05,1.30898e-05
293.15,0.572365,1.33205e-05,1.3102e-05
293.15,0.570361,1.33333e-05,1.31142e-05
293.15,0.568358,1.33462e-05,1.31264e-05
293.15,0.566354,1.33591e-05,1.31387e-05
293.15,0.56435,1.3372e-05,1.3151e-05
293.15,0.562346,1.33849e-05,1.31634e-05
293.15,0.560342,1.33979e-05,1.31758e-05
293.15,0.558339,1.34109e-05,1.31882e-05
293.15,0.556335,1.34239e-05,1.32006e-05
293.15,0.554331,1.3437e-05,1.32131e-05
293.15,0.552327,1.345e-05,1.32255e-05
293.15,0.550324,1.34631e-05,1.32381e-05
293.15,0.54832,1.34762e-05,1.32506e-05
293.15,0.546316,1.34893e-05,1.32632e-05
293.15,0.544312,1.35025e-05,1.32758e-05
293.15,0.542308,1.35157e-05,1.32884e-05
293.15,0.540305,1.35289e-05,1.33011e-05
293.15,0.538301,1.35421e-05,1.33138e-05
293.15,0.536297,1.35554e-05,1.33265e-05
293.15,0.534293,1.35687e-05,1.33393e-05
293.15,0.532289,1.3582e-05,1.33521e-05
293.15,0.530286,1.35953e-05,1.33649e-05
293.15,0.528282,1.36086e-05,1.33778e-05
293.15,0.526278,1.3622e-05,1.33906e-05
293.15,0.524274,1.36354e-05,1.34035e-05
293.15,0.52228,1.36488e-05,1.34164e-05
293.15,0.520292,1.36621e-05,1.34293e-05
293.15,0.518304,1.36755e-05,1.34422e-05
293.15,0.516317,1.36889e-05,1.34551e-05
293.15,0.514329,1.37023e-05,1.34681e-05
293.15,0.512341,1.37158e-05,1.34811e-05
293.15,0.510354,1.37292e-05,1.34941e-05
293.15,0.508366,1.37427e-05,1.35072e-05
293.15,0.506379,1.37562e-05,1.35203e-05
293.15,0.504391,1.37698e-05,1.35334e-05
293.15,0.502403,1.37833e-05,1.35465e-05
293.15,0.500416,1.37969e-05,1.35597e-05
293.15,0.498428,1.38105e-05,1.35729e-05
293.15,0.49644,1.38242e-05,1.35862e-05
293.15,0.494453,1.38378e-05,1.35994e-05
293.15,0.492465,1.38515e-05,1.36127e-05
293.15,0.490478,1.38652e-05,1.36261e-05
293.15,0.48849,1.3879e-05,1.36395e-05
293.15,0.486502,1.38928e-05,1.36529e-05
293.15,0.484515,1.39066e-05,1.36663e-05
293.15,0.482527,1.39204e-05,1.36798e-05
293.15,0.48054,1.39342e-05,1.36933e-05
293.15,0.478552,1.39481e-05,1.37068e-05
293.15,0.476564,1.3962e-05,1.37204e-05
293.15,0.474577,1.39759e-05,1.3734e-05
293.15,0.472589,1.39899e-05,1.37476e-05
293.15,0.470601,1.40038e-05,1.37613e-05
293.15,0.468614,1.40178e-05,1.3775e-05
293.15,0.466626,1.40319e-05,1.37887e-05
293.15,0.464639,1.40459e-05,1.38025e-05
293.15,0.462651,1.406e-05,1.38163e-05
293.15,0.460663,1.40741e-05,1.38301e-05
293.15,0.458676,1.40882e-05,1.3844e-05
293.15,0.456688,1.41024e-05,1.38579e-05
293.15,0.4547,1.41166e-05,1.38718e-05
293.15,0.452713,1.41308e-05,1.38858e-05
293.15,0.450725,1.4145e-05,1.38998e-05
293.15,0.448738,1.41593e-05,1.39138e-05
293.15,0.44675,1.41736e-05,1.39279e-05
293.15,0.444762,1.41879e-05,1.3942e-05
293.15,0.442775,1.42023e-05,1.39562e-05
293.15,0.440787,1.42166e-05,1.39703e-05
293.15,0.438799,1.4231e-05,1.39846e-05
293.15,0.436812,1.42455e-05,1.39988e-05
293.15,0.434824,1.42599e-05,1.40131e-05
293.15,0.432837,1.42744e-05,1.40274e-05
293.15,0.430849,1.42889e-05,1.40418e-05
293.15,0.428861,1.43035e-05,1.40562e-05
293.15,0.426874,1.4318e-05,1.40706e-05
293.15,0.424886,1.43326e-05,1.4085e-05
293.15,0.422899,1.43472e-05,1.40995e-05
293.15,0.420911,1.43619e-05,1.41141e-05
293.15,0.418923,1.43766e-05,1.41286e-05
293.15,0.416936,1.43913e-05,1.41433e-05
293.15,0.414948,1.4406e-05,1.41579e-05
293.15,0.41296,1.44208e-05,1.41726e-05
293.15,0.411137,1.44343e-05,1.41861e-05
293.15,0.409313,1.44479e-05,1.41996e-05
293.15,0.40749,1.44616e-05,1.42132e-05
293.15,0.405666,1.44752e-05,1.42268e-05
293.15,0.403843,1.44889e-05,1.42404e-05
293.15,0.402019,1.45026e-05,1.4254e-05
293.15,0.400195,1.45163e-05,1.42677e-05
293.15,0.398372,1.453e-05,1.42814e-05
293.15,0.396548,1.45438e-05,1.42952e-05
293.15,0.394725,1.45576e-05,1.4309e-05
293.15,0.392901,1.45714e-05,1.43228e-05
293.15,0.391078,1.45852e-05,1.43366e-05
293.15,0.389254,1.45991e-05,1.43505e-05
293.15,0.387431,1.4613e-05,1.43644e-05
293.15,0.385607,1.46269e-05,1.43784e-05
293.15,0.383783,1.46408e-05,1.43923e-05
293.15,0.38196,1.46548e-05,1.44063e-05
293.15,0.380136,1.46688e-05,1.44204e-05
293.15,0.378313,1.46828e-05,1.44345e-05
293.15,0.376489,1.46968e-05,1.44486e-05
293.15,0.374666,1.47109e-05,1.44627e-05
293.15,0.372842,1.47249e-05,1.44769e-05
293.15,0.371018,1.47391e-05,1.44911e-05
293.15,0.369195,1.47532e-05,1.45053e-05
293.15,0.367371,1.47674e-05,1.45196e-05
293.15,0.365548,1.47815e-05,1.45339e-05
293.15,0.363724,1.47958e-05,1.45482e-05
293.15,0.361901,1.481e-05,1.45626e-05
293.15,0.360077,1.48243e-05,1.4577e-05
293.15,0.358253,1.48386e-05,1.45914e-05
293.15,0.35643,1.48529e-05,1.46059e-05
293.15,0.354606,1.48672e-05,1.46204e-05
293.15,0.352783,1.48816e-05,1.4635e-05
293.15,0.350959,1.4896e-05,1.46495e-05
293.15,0.349136,1.49104e-05,1.46641e-05
293.15,0.347312,1.49248e-05,1.46788e-05
293.15,0.345489,1.49393e-05,1.46935e-05
293.15,0.343665,1.49538e-05,1.47082e-05
293.15,0.341841,1.49683e-05,1.47229e-05
293.15,0.340018,1.49829e-05,1.47377e-05
293.15,0.338194,1.49975e-05,1.47525e-05
293.15,0.336371,1.50121e-05,1.47674e-05
293.15,0.334547,1.50267e-05,1.47823e-05
293.15,0.332724,1.50414e-05,1.47972e-05
293.15,0.3309,1.50561e-05,1.48121e-05
293.15,0.329076,1.50708e-05,1.48271e-05
293.15,0.327253,1.50855e-05,1.48422e-05
293.15,0.325429,1.51003e-05,1.48572e-05
293.15,0.323606,1.51151e-05,1.48723e-05
293.15,0.321782,1.51299e-05,1.48875e-05
293.15,0.319959,1.51447e-05,1.49026e-05
293.15,0.318135,1.51596e-05,1.49178e-05
293.15,0.316312,1.51745e-05,1.49331e-05
293.15,0.314488,1.51894e-05,1.49484e-05
293.15,0.312664,1.52044e-05,1.49637e-05
293.15,0.310958,1.52184e-05,1.49781e-05
293.15,0.309398,1.52313e-05,1.49912e-05
293.15,0.307838,1.52441e-05,1.50044e-05
293.15,0.306278,1.5257e-05,1.50176e-05
293.15,0.304718,1.52699e-05,1.50309e-05
293.15,0.303158,1.52828e-05,1.50442e-05
293.15,0.301598,1.52958e-05,1.50575e-05
293.15,0.300038,1.53087e-05,1.50708e-05
293.15,0.298478,1.53217e-05,1.50841e-05
293.15,0.296918,1.53347e-05,1.50975e-05
293.15,0.295358,1.53477e-05,1.51109e-05
293.15,0.293798,1.53608e-05,1.51244e-05
293.15,0.292238,1.53738e-05,1.51378e-05
293.15,0.290678,1.53869e-05,1.51513e-05
293.15,0.289118,1.54e-05,1.51648e-05
293.15,0.287558,1.54132e-05,1.51784e-05
293.15,0.285998,1.54263e-05,1.5192e-05
293.15,0.284438,1.54395e-05,1.52056e-05
293.15,0.282878,1.54527e-05,1.52192e-05
293.15,0.281318,1.54659e-05,1.52329e-05
293.15,0.279758,1.54791e-05,1.52466e-05
293.15,0.278198,1.54924e-05,1.52603e-05
293.15,0.276638,1.55056e-05,1.5274e-05
293.15,0.275078,1.55189e-05,1.52878e-05
293.15,0.273518,1.55323e-05,1.53016e-05
293.15,0.271958,1.55456e-05,1.53154e-05
293.15,0.270398,1.5559e-05,1.53293e-05
293.15,0.268838,1.55723e-05,1.53432e-05
293.15,0.267278,1.55858e-05,1.53571e-05
293.15,0.265718,1.55992e-05,1.53711e-05
293.15,0.264158,1.56126e-05,1.5385e-05
293.15,0.262598,1.56261e-05,1.5399e-05
293.15,0.261038,1.56396e-05,1.54131e-05
293.15,0.259479,1.56531e-05,1.54271e-05
293.15,0.257919,1.56666e-05,1.54412e-05
293.15,0.256359,1.56802e-05,1.54554e-05
293.15,0.254799,1.56938e-05,1.54695e-05
293.15,0.253239,1.57074e-05,1.54837e-05
293.15,0.251679,1.5721e-05,1.54979e-05
293.15,0.250119,1.57346e-05,1.55122e-05
293.15,0.248559,1.57483e-05,1.55264e-05
293.15,0.246999,1.5762e-05,1.55408e-05
293.15,0.245439,1.57757e-05,1.55551e-05
293.15,0.243879,1.57894e-05,1.55695e-05
293.15,0.242319,1.58032e-05,1.55838e-05
293.15,0.240759,1.5817e-05,1.55983e-05
293.15,0.239199,1.58308e-05,1.56127e-05
293.15,0.237639,1.58446e-05,1.56272e-05
293.15,0.236079,1.58584e-05,1.56417e-05
293.15,0.234519,1.58723e-05,1.56563e-05
293.15,0.232959,1.58862e-05,1.56709e-05
293.15,0.231399,1.59001e-05,1.56855e-05
293.15,0.229839,1.59141e-05,1.57001e-05
293.15,0.228279,1.5928e-05,1.57148e-05
293.15,0.226719,1.5942e-05,1.57295e-05
293.15,0.225159,1.5956e-05,1.57442e-05
293.15,0.223872,1.59676e-05,1.57564e-05
293.15,0.222619,1.59789e-05,1.57683e-05
293.15,0.221366,1.59902e-05,1.57802e-05
293.15,0.220113,1.60015e-05,1.57921e-05
293.15,0.21886,1.60128e-05,1.5804e-05
293.15,0.217607,1.60241e-05,1.5816e-05
293.15,0.216354,1.60355e-05,1.5828e-05
293.15,0.215101,1.60469e-05,1.584e-05
293.15,0.213848,1.60583e-05,1.5852e-05
293.15,0.212595,1.60697e-05,1.58641e-05
293.15,0.211342,1.60811e-05,1.58761e-05
293.15,0.210089,1.60925e-05,1.58882e-05
293.15,0.208836,1.6104e-05,1.59003e-05
293.15,0.207583,1.61154e-05,1.59124e-05
293.15,0.20633,1.61269e-05,1.59246e-05
293.15,0.205077,1.61384e-05,1.59368e-05
293.15,0.203824,1.61499e-05,1.59489e-05
293.15,0.202571,1.61614e-05,1.59612e-05
293.15,0.201318,1.6173e-05,1.59734e-05
293.15,0.200065,1.61845e-05,1.59856e-05
293.15,0.198812,1.61961e-05,1.59979e-05
293.15,0.197559,1.62077e-05,1.60102e-05
293.15,0.196306,1.62193e-05,1.60225e-05
293.15,0.195053,1.62309e-05,1.60349e-05
293.15,0.1938,1.62425e-05,1.60472e-05
293.15,0.192547,1.62542e-05,1.60596e-05
293.15,0.191294,1.62658e-05,1.6072e-05
293.15,0.190041,1.62775e-05,1.60844e-05
293.15,0.188787,1.62892e-05,1.60969e-05
293.15,0.187535,1.63009e-05,1.61093e-05
293.15,0.186282,1.63127e-05,1.61218e-05
293.15,0.185028,1.63244e-05,1.61343e-05
293.15,0.183775,1.63362e-05,1.61469e-05
293.15,0.182523,1.63479e-05,1.61594e-05
293.15,0.181269,1.63597e-05,1.6172e-05
293.15,0.180016,1.63715e-05,1.61846e-05
293.15,0.178763,1.63833e-05,1.61972e-05
293.15,0.17751,1.63952e-05,1.62099e-05
293.15,0.176257,1.6407e-05,1.62225e-05
293.15,0.175004,1.64189e-05,1.62352e-05
293.15,0.173751,1.64308e-05,1.62479e-05
293.15,0.172498,1.64427e-05,1.62606e-05
293.15,0.171245,1.64546e-05,1.62734e-05
293.15,0.169992,1.64665e-05,1.62862e-05
293.15,0.168739,1.64785e-05,1.6299e-05
293.15,0.167486,1.64905e-05,1.63118e-05
293.15,0.166233,1.65024e-05,1.63246e-05
293.15,0.16498,1.65144e-05,1.63375e-05
293.15,0.163727,1.65265e-05,1.63504e-05
293.15,0.162474,1.65385e-05,1.63633e-05
293.15,0.161221,1.65505e-05,1.63762e-05
293.15,0.159968,1.65626e-05,1.63892e-05
293.15,0.158715,1.65747e-05,1.64022e-05
293.15,0.157462,1.65868e-05,1.64152e-05
293.15,0.156209,1.65989e-05,1.64282e-05
293.15,0.155057,1.661e-05,1.64402e-05
293.15,0.154107,1.66192e-05,1.64501e-05
293.15,0.153158,1.66285e-05,1.646e-05
293.15,0.152208,1.66377e-05,1.64699e-05
293.15,0.151258,1.66469e-05,1.64799e-05
293.15,0.150308,1.66562e-05,1.64898e-05
293.15,0.149358,1.66654e-05,1.64998e-05
293.15,0.148408,1.66747e-05,1.65098e-05
293.15,0.147458,1.6684e-05,1.65198e-05
293.15,0.146508,1.66932e-05,1.65298e-05
293.15,0.145558,1.67025e-05,1.65398e-05
293.15,0.144608,1.67118e-05,1.65499e-05
293.15,0.143658,1.67211e-05,1.65599e-05
293.15,0.142709,1.67305e-05,1.657e-05
293.15,0.141759,1.67398e-05,1.65801e-05
293.15,0.140809,1.67491e-05,1.65902e-05
293.15,0.139859,1.67585e-05,1.66003e-05
293.15,0.138909,1.67679e-05,1.66104e-05
293.15,0.137959,1.67772e-05,1.66205e-05
293.15,0.137009,1.67866e-05,1.66307e-05
293.15,0.136059,1.6796e-05,1.66408e-05
293.15,0.135109,1.68054e-05,1.6651e-05
293.15,0.134159,1.68148e-05,1.66612e-05
293.15,0.13321,1.68242e-05,1.66714e-05
293.15,0.13226,1.68336e-05,1.66816e-05
293.15,0.13131,1.68431e-05,1.66918e-05
293.15,0.13036,1.68525e-05,1.67021e-05
293.15,0.12941,1.6862e-05,1.67123e-05
293.15,0.12846,1.68715e-05,1.67226e-05
293.15,0.12751,1.68809e-05,1.67329e-05
293.15,0.12656,1.68904e-05,1.67432e-05
293.15,0.12561,1.68999e-05,1.67535e-05
293.15,0.12466,1.69094e-05,1.67638e-05
293.15,0.123711,1.6919e-05,1.67742e-05
293.15,0.122761,1.69285e-05,1.67845e-05
293.15,0.121811,1.6938e-05,1.67949e-05
293.15,0.120861,1.69476e-05,1.68053e-05
293.15,0.119911,1.69571e-05,1.68157e-05
293.15,0.118961,1.69667e-05,1.68261e-05
293.15,0.118011,1.69763e-05,1.68365e-05
293.15,0.117061,1.69859e-05,1.68469e-05
293.15,0.116111,1.69955e-05,1.68574e-05
293.15,0.115161,1.70051e-05,1.68679e-05
293.15,0.114211,1.70147e-05,1.68783e-05
293.15,0.113262,1.70243e-05,1.68888e-05
293.15,0.112312,1.7034e-05,1.68993e-05
293.15,0.111362,1.70436e-05,1.69099e-05
293.15,0.110412,1.70533e-05,1.69204e-05
293.15,0.109462,1.70629e-05,1.6931e-05
293.15,0.108512,1.70726e-05,1.69415e-05
293.15,0.107562,1.70823e-05,1.69521e-05
293.15,0.106612,1.7092e-05,1.69627e-05
293.15,0.105662,1.71017e-05,1.69733e-05
293.15,0.104712,1.71114e-05,1.69839e-05
293.15,0.103763,1.71212e-05,1.69946e-05
293.15,0.102813,1.71309e-05,1.70052e-05
293.15,0.102072,1.71385e-05,1.70135e-05
293.15,0.101392,1.71455e-05,1.70212e-05
293.15,0.100711,1.71525e-05,1.70288e-05
293.15,0.10003,1.71595e-05,1.70365e-05
293.15,0.0993497,1.71665e-05,1.70442e-05
293.15,0.098669,1.71735e-05,1.70519e-05
293.15,0.0979884,1.71806e-05,1.70596e-05
293.15,0.0973078,1.71876e-05,1.70673e-05
293.15,0.0966271,1.71946e-05,1.7075e-05
293.15,0.0959465,1.72016e-05,1.70827e-05
293.15,0.0952659,1.72087e-05,1.70904e-05
293.15,0.0945853,1.72157e-05,1.70981e-05
293.15,0.0939046,1.72228e-05,1.71058e-05
293.15,0.093224,1.72298e-05,1.71136e-05
293.15,0.0925434,1.72369e-05,1.71213e-05
293.15,0.0918628,1.7244e-05,1.71291e-05
293.15,0.0911821,1.7251e-05,1.71369e-05
293.15,0.0905015,1.72581e-05,1.71446e-05
293.15,0.0898208,1.72652e-05,1.71524e-05
293.15,0.0891403,1.72723e-05,1.71602e-05
293.15,0.0884596,1.72794e-05,1.7168e-05
293.15,0.087779,1.72865e-05,1.71758e-05
293.15,0.0870983,1.72936e-05,1.71836e-05
293.15,0.0864177,1.73007e-05,1.71914e-05
293.15,0.0857371,1.73078e-05,1.71992e-05
293.15,0.0850565,1.73149e-05,1.72071e-05
293.15,0.0843758,1.73221e-05,1.72149e-05
293.15,0.0836952,1.73292e-05,1.72228e-05
293.15,0.0830146,1.73363e-05,1.72306e-05
293.15,0.082334,1.73435e-05,1.72385e-05
293.15,0.0816533,1.73506e-05,1.72464e-05
293.15,0.0809727,1.73578e-05,1.72542e-05
293.15,0.0802921,1.7365e-05,1.72621e-05
293.15,0.0796115,1.73721e-05,1.727e-05
293.15,0.0789308,1.73793e-05,1.72779e-05
293.15,0.0782502,1.73865e-05,1.72858e-05
293.15,0.0775695,1.73936e-05,1.72938e-05
293.15,0.0768889,1.74008e-05,1.73017e-05
293.15,0.0762083,1.7408e-05,1.73096e-05
293.15,0.0755277,1.74152e-05,1.73176e-05
293.15,0.074847,1.74224e-05,1.73255e-05
293.15,0.0741664,1.74296e-05,1.73335e-05
293.15,0.0734858,1.74369e-05,1.73414e-05
293.15,0.0728052,1.74441e-05,1.73494e-05
293.15,0.0721245,1.74513e-05,1.73574e-05
293.15,0.0714439,1.74585e-05,1.73654e-05
293.15,0.0707633,1.74658e-05,1.73734e-05
293.15,0.0700826,1.7473e-05,1.73814e-05
293.15,0.069402,1.74803e-05,1.73894e-05
293.15,0.0687214,1.74875e-05,1.73974e-05
293.15,0.0680408,1.74948e-05,1.74054e-05
293.15,0.0673601,1.7502e-05,1.74135e-05
293.15,0.0666795,1.75093e-05,1.74215e-05
293.15,0.0659989,1.75166e-05,1.74296e-05
293.15,0.0653183,1.75239e-05,1.74376e-05
293.15,0.0646869,1.75306e-05,1.74451e-05
293.15,0.0642282,1.75356e-05,1.74506e-05
293.15,0.0637695,1.75405e-05,1.7456e-05
293.15,0.0633108,1.75454e-05,1.74615e-05
293.15,0.0628521,1.75503e-05,1.74669e-05
293.15,0.0623933,1.75552e-05,1.74724e-05
293.15,0.0619346,1.75602e-05,1.74778e-05
293.15,0.0614759,1.75651e-05,1.74833e-05
293.15,0.0610172,1.757e-05,1.74888e-05
293.15,0.0605585,1.7575e-05,1.74942e-05
293.15,0.0600998,1.75799e-05,1.74997e-05
293.15,0.059641,1.75848e-05,1.75052e-05
293.15,0.0591823,1.75898e-05,1.75107e-05
293.15,0.0587236,1.75947e-05,1.75162e-05
293.15,0.0582649,1.75997e-05,1.75216e-05
293.15,0.0578062,1.76046e-05,1.75271e-05
293.15,0.0573475,1.76096e-05,1.75326e-05
293.15,0.0568888,1.76145e-05,1.75381e-05
293.15,0.05643,1.76195e-05,1.75436e-05
293.15,0.0559713,1.76245e-05,1.75491e-05
293.15,0.0555126,1.76294e-05,1.75547e-05
293.15,0.0550539,1.76344e-05,1.75602e-05
293.15,0.0545952,1.76394e-05,1.75657e-05
293.15,0.0541365,1.76443e-05,1.75712e-05
293.15,0.0536777,1.76493e-05,1.75767e-05
293.15,0.053219,1.76543e-05,1.75823e-05
293.15,0.0527603,1.76593e-05,1.75878e-05
293.15,0.0523016,1.76643e-05,1.75933e-05
293.15,0.0518429,1.76692e-05,1.75989e-05
293.15,0.0513841,1.76742e-05,1.76044e-05
293.15,0.0509255,1.76792e-05,1.761e-05
293.15,0.0504667,1.76842e-05,1.76155e-05
293.15,0.050008,1.76892e-05,1.76211e-05
293.15,0.0495493,1.76942e-05,1.76267e-05
293.15,0.0490906,1.76992e-05,1.76322e-05
293.15,0.0486319,1.77042e-05,1.76378e-05
293.15,0.0481732,1.77092e-05,1.76434e-05
293.15,0.0477144,1.77142e-05,1.76489e-05
293.15,0.0472557,1.77192e-05,1.76545e-05
293.15,0.046797,1.77242e-05,1.76601e-05
293.15,0.0463383,1.77293e-05,1.76657e-05
293.15,0.0458796,1.77343e-05,1.76713e-05
293.15,0.0454208,1.77393e-05,1.76769e-05
293.15,0.0449622,1.77443e-05,1.76825e-05
293.15,0.0445034,1.77494e-05,1.76881e-05
293.15,0.0440447,1.77544e-05,1.76937e-05
293.15,0.043586,1.77594e-05,1.76993e-05
293.15,0.0431273,1.77645e-05,1.77049e-05
293.15,0.0426686,1.77695e-05,1.77105e-05
293.15,0.0422098,1.77745e-05,1.77161e-05
293.15,0.0417511,1.77796e-05,1.77218e-05
293.15,0.0412924,1.77846e-05,1.77274e-05
293.15,0.0408337,1.77897e-05,1.7733e-05
293.15,0.040375,1.77947e-05,1.77387e-05
293.15,0.0399163,1.77998e-05,1.77443e-05
293.15,0.0394575,1.78048e-05,1.77499e-05
293.15,0.0391144,1.78086e-05,1.77542e-05
293.15,0.038829,1.78118e-05,1.77577e-05
293.15,0.0385436,1.78149e-05,1.77612e-05
293.15,0.0382582,1.78181e-05,1.77647e-05
293.15,0.0379728,1.78212e-05,1.77682e-05
293.15,0.0376874,1.78244e-05,1.77717e-05
293.15,0.037402,1.78275e-05,1.77753e-05
293.15,0.0371166,1.78307e-05,1.77788e-05
293.15,0.0368312,1.78338e-05,1.77823e-05
293.15,0.0365458,1.7837e-05,1.77858e-05
293.15,0.0362604,1.78401e-05,1.77894e-05
293.15,0.035975,1.78433e-05,1.77929e-05
293.15,0.0356896,1.78465e-05,1.77964e-05
293.15,0.0354042,1.78496e-05,1.78e-05
293.15,0.0351188,1.78528e-05,1.78035e-05
293.15,0.0348334,1.7856e-05,1.7807e-05
293.15,0.034548,1.78591e-05,1.78106e-05
293.15,0.0342626,1.78623e-05,1.78141e-05
293.15,0.0339772,1.78654e-05,1.78177e-05
293.15,0.0336918,1.78686e-05,1.78212e-05
293.15,0.0334064,1.78718e-05,1.78247e-05
293.15,0.033121,1.7875e-05,1.78283e-05
293.15,0.0328356,1.78781e-05,1.78318e-05
293.15,0.0325502,1.78813e-05,1.78354e-05
293.15,0.0322648,1.78845e-05,1.78389e-05
293.15,0.0319794,1.78876e-05,1.78425e-05
293.15,0.031694,1.78908e-05,1.7846e-05
293.15,0.0314086,1.7894e-05,1.78496e-05
293.15,0.0311232,1.78972e-05,1.78531e-05
293.15,0.0308378,1.79003e-05,1.78567e-05
293.15,0.0305524,1.79035e-05,1.78603e-05
293.15,0.030267,1.79067e-05,1.78638e-05
293.15,0.0299816,1.79099e-05,1.78674e-05
293.15,0.0296962,1.79131e-05,1.78709e-05
293.15,0.0294108,1.79163e-05,1.78745e-05
293.15,0.0291254,1.79194e-05,1.78781e-05
293.15,0.02884,1.79226e-05,1.78816e-05
293.15,0.0285546,1.79258e-05,1.78852e-05
293.15,0.0282692,1.7929e-05,1.78888e-05
293.15,0.0279838,1.79322e-05,1.78923e-05
293.15,0.0276984,1.79354e-05,1.78959e-05
293.15,0.027413,1.79386e-05,1.78995e-05
293.15,0.0271276,1.79418e-05,1.79031e-05
293.15,0.0268422,1.79449e-05,1.79066e-05
293.15,0.0265568,1.79481e-05,1.79102e-05
293.15,0.0262714,1.79513e-05,1.79138e-05
293.15,0.025986,1.79545e-05,1.79174e-05
293.15,0.0257006,1.79577e-05,1.7921e-05
293.15,0.0254152,1.79609e-05,1.79246e-05
293.15,0.0251298,1.79641e-05,1.79281e-05
293.15,0.0248444,1.79673e-05,1.79317e-05
293.15,0.024559,1.79705e-05,1.79353e-05
293.15,0.0242736,1.79737e-05,1.79389e-05
293.15,0.0239883,1.79769e-05,1.79425e-05
293.15,0.0237029,1.79801e-05,1.79461e-05
293.15,0.0234321,1.79832e-05,1.79495e-05
293.15,0.0232791,1.79849e-05,1.79514e-05
293.15,0.023126,1.79866e-05,1.79534e-05
293.15,0.0229729,1.79883e-05,1.79553e-05
293.15,0.0228199,1.79901e-05,1.79572e-05
293.15,0.0226668,1.79918e-05,1.79592e-05
293.15,0.0225137,1.79935e-05,1.79611e-05
293.15,0.0223606,1.79952e-05,1.7963e-05
293.15,0.0222076,1.79969e-05,1.7965e-05
293.15,0.0220545,1.79987e-05,1.79669e-05
293.15,0.0219014,1.80004e-05,1.79688e-05
293.15,0.0217483,1.80021e-05,1.79708e-05
293.15,0.0215953,1.80038e-05,1.79727e-05
293.15,0.0214422,1.80056e-05,1.79746e-05
293.15,0.0212891,1.80073e-05,1.79766e-05
293.15,0.0211361,1.8009e-05,1.79785e-05
293.15,0.020983,1.80107e-05,1.79804e-05
293.15,0.0208299,1.80124e-05,1.79824e-05
293.15,0.0206768,1.80142e-05,1.79843e-05
293.15,0.0205238,1.80159e-05,1.79862e-05
293.15,0.0203707,1.80176e-05,1.79882e-05
293.15,0.0202176,1.80193e-05,1.79901e-05
293.15,0.0200646,1.80211e-05,1.79921e-05
293.15,0.0199115,1.80228e-05,1.7994e-05
293.15,0.0197584,1.80245e-05,1.79959e-05
293.15,0.0196053,1.80263e-05,1.79979e-05
293.15,0.0194523,1.8028e-05,1.79998e-05
293.15,0.0192992,1.80297e-05,1.80018e-05
293.15,0.0191461,1.80314e-05,1.80037e-05
293.15,0.0189931,1.80332e-05,1.80056e-05
293.15,0.01884,1.80349e-05,1.80076e-05
293.15,0.0186869,1.80366e-05,1.80095e-05
293.15,0.0185338,1.80384e-05,1.80115e-05
293.15,0.0183808,1.80401e-05,1.80134e-05
293.15,0.0182277,1.80418e-05,1.80154e-05
293.15,0.0180746,1.80435e-05,1.80173e-05
293.15,0.0179216,1.80453e-05,1.80192e-05
293.15,0.0177685,1.8047e-05,1.80212e-05
293.15,0.0176154,1.80487e-05,1.80231e-05
293.15,0.0174623,1.80505e-05,1.80251e-05
293.15,0.0173093,1.80522e-05,1.8027e-05
293.15,0.0171562,1.80539e-05,1.8029e-05
293.15,0.0170031,1.80557e-05,1.80309e-05
293.15,0.0168501,1.80574e-05,1.80329e-05
293.15,0.016697,1.80591e-05,1.80348e-05
293.15,0.0165439,1.80609e-05,1.80368e-05
293.15,0.0163908,1.80626e-05,1.80387e-05
293.15,0.0162378,1.80643e-05,1.80407e-05
293.15,0.0160847,1.80661e-05,1.80426e-05
293.15,0.0159316,1.80678e-05,1.80446e-05
293.15,0.0157785,1.80695e-05,1.80465e-05
293.15,0.0156255,1.80713e-05,1.80485e-05
293.15,0.0154724,1.8073e-05,1.80504e-05
293.15,0.0153193,1.80747e-05,1.80524e-05
293.15,0.0151663,1.80765e-05,1.80543e-05
293.15,0.0150132,1.80782e-05,1.80563e-05
293.15,0.0149185,1.80793e-05,1.80575e-05
293.15,0.0148707,1.80798e-05,1.80581e-05
293.15,0.0148228,1.80804e-05,1.80587e-05
293.15,0.0147749,1.80809e-05,1.80593e-05
293.15,0.014727,1.80815e-05,1.80599e-05
293.15,0.0146791,1.8082e-05,1.80605e-05
293.15,0.0146312,1.80825e-05,1.80611e-05
293.15,0.0145833,1.80831e-05,1.80618e-05
293.15,0.0145354,1.80836e-05,1.80624e-05
293.15,0.0144875,1.80842e-05,1.8063e-05
293.15,0.0144396,1.80847e-05,1.80636e-05
293.15,0.0143917,1.80853e-05,1.80642e-05
293.15,0.0143438,1.80858e-05,1.80648e-05
293.15,0.014296,1.80863e-05,1.80654e-05
293.15,0.0142481,1.80869e-05,1.8066e-05
293.15,0.0142002,1.80874e-05,1.80667e-05
293.15,0.0141523,1.8088e-05,1.80673e-05
293.15,0.0141044,1.80885e-05,1.80679e-05
293.15,0.0140565,1.80891e-05,1.80685e-05
293.15,0.0140086,1.80896e-05,1.80691e-05
293.15,0.0139607,1.80901e-05,1.80697e-05
293.15,0.0139128,1.80907e-05,1.80703e-05
293.15,0.0138649,1.80912e-05,1.80709e-05
293.15,0.013817,1.80918e-05,1.80715e-05
293.15,0.0137691,1.80923e-05,1.80722e-05
293.15,0.0137213,1.80929e-05,1.80728e-05
293.15,0.0136734,1.80934e-05,1.80734e-05
293.15,0.0136255,1.8094e-05,1.8074e-05
293.15,0.0135776,1.80945e-05,1.80746e-05
293.15,0.0135297,1.8095e-05,1.80752e-05
293.15,0.0134818,1.80956e-05,1.80758e-05
293.15,0.0134339,1.80961e-05,1.80764e-05
293.15,0.013386,1.80967e-05,1.80771e-05
293.15,0.0133381,1.80972e-05,1.80777e-05
293.15,0.0132902,1.80978e-05,1.80783e-05
293.15,0.0132423,1.80983e-05,1.80789e-05
293.15,0.0131945,1.80989e-05,1.80795e-05
293.15,0.0131466,1.80994e-05,1.80801e-05
293.15,0.0130987,1.80999e-05,1.80807e-05
293.15,0.0130508,1.81005e-05,1.80813e-05
293.15,0.0130029,1.8101e-05,1.8082e-05
293.15,0.012955,1.81016e-05,1.80826e-05
293.15,0.0129071,1.81021e-05,1.80832e-05
293.15,0.0128592,1.81027e-05,1.80838e-05
293.15,0.0128113,1.81032e-05,1.80844e-05
293.15,0.0127634,1.81038e-05,1.8085e-05
293.15,0.0127155,1.81043e-05,1.80856e-05
293.15,0.0126676,1.81048e-05,1.80863e-05
293.15,0.0126198,1.81054e-05,1.80869e-05
293.15,0.0125719,1.81059e-05,1.80875e-05
293.15,0.012524,1.81065e-05,1.80881e-05
293.15,0.0124761,1.8107e-05,1.80887e-05
293.15,0.0124282,1.81076e-05,1.80893e-05
293.15,0.0123803,1.81081e-05,1.80899e-05
293.15,0.0123324,1.81087e-05,1.80905e-05
293.15,0.0122845,1.81092e-05,1.80912e-05
