YCH4,DavidsonSU2,DavidsonStandalone,WilkeSU2,WilkeStandalone
0.982431173,1.11E-05,1.11E-05,1.11E-05,1.11E-05
0.982349694,1.11E-05,1.11E-05,1.11E-05,0.00001107
0.982268214,1.11E-05,0.000011059,1.11E-05,1.11E-05
0.982186735,1.11E-05,1.11E-05,1.11E-05,1.11E-05
0.982105255,1.11E-05,1.11E-05,1.11E-05,1.11E-05
0.982023776,1.11E-05,0.00001106,1.11E-05,1.11E-05
0.981942296,1.11E-05,1.11E-05,1.11E-05,1.11E-05
0.981860816,1.11E-05,1.11E-05,1.11E-05,1.11E-05
0.981779337,1.11E-05,0.000011061,1.11E-05,1.11E-05
0.981697857,1.11E-05,1.11E-05,1.11E-05,0.000011073
0.981616378,1.11E-05,1.11E-05,1.11E-05,1.11E-05
0.981534898,1.11E-05,1.11E-05,1.11E-05,1.11E-05
0.981453478,1.11E-05,1.11E-05,1.11E-05,1.11E-05
0.981371999,1.11E-05,1.11E-05,1.11E-05,1.11E-05
0.981290519,1.11E-05,1.11E-05,1.11E-05,1.11E-05
0.98120904,1.11E-05,1.11E-05,1.11E-05,1.11E-05
0.98112756,1.11E-05,1.11E-05,1.11E-05,1.11E-05
0.981046081,1.11E-05,1.11E-05,1.11E-05,1.11E-05
0.980964601,1.11E-05,1.11E-05,1.11E-05,1.11E-05
0.980883121,1.11E-05,1.11E-05,1.11E-05,1.11E-05
0.980801642,1.11E-05,1.11E-05,1.11E-05,0.000011077
0.980720162,1.11E-05,1.11E-05,1.11E-05,1.11E-05
0.980638683,1.11E-05,1.11E-05,1.11E-05,1.11E-05
0.980557203,1.11E-05,1.11E-05,1.11E-05,1.11E-05
0.980475724,1.11E-05,1.11E-05,1.11E-05,1.11E-05
0.980394244,1.11E-05,1.11E-05,1.11E-05,1.11E-05
0.980312765,1.11E-05,1.11E-05,1.11E-05,1.11E-05
0.980231285,1.11E-05,1.11E-05,1.11E-05,1.11E-05
0.980149806,1.11E-05,1.11E-05,1.11E-05,0.00001108
0.980068326,1.11E-05,1.11E-05,1.11E-05,1.11E-05
0.979986846,1.11E-05,0.000011068,1.11E-05,1.11E-05
0.979905367,1.11E-05,1.11E-05,1.11E-05,1.11E-05
0.979823887,1.11E-05,1.11E-05,1.11E-05,1.11E-05
0.979742408,1.11E-05,0.000011069,1.11E-05,1.11E-05
0.979660928,1.11E-05,1.11E-05,1.11E-05,1.11E-05
0.979579508,1.11E-05,1.11E-05,1.11E-05,1.11E-05
0.979498029,1.11E-05,1.11E-05,1.11E-05,0.000011083
0.979416549,1.11E-05,1.11E-05,1.11E-05,1.11E-05
0.97933507,1.11E-05,1.11E-05,1.11E-05,1.11E-05
0.97925359,1.11E-05,1.11E-05,1.11E-05,1.11E-05
0.979172111,1.11E-05,1.11E-05,1.11E-05,1.11E-05
0.979090631,1.11E-05,1.11E-05,1.11E-05,1.11E-05
0.979009151,1.11E-05,1.11E-05,1.11E-05,1.11E-05
0.978927672,1.11E-05,1.11E-05,1.11E-05,1.11E-05
0.978846192,1.11E-05,1.11E-05,1.11E-05,0.000011086
0.978764713,1.11E-05,1.11E-05,1.11E-05,1.11E-05
0.978683233,1.11E-05,1.11E-05,1.11E-05,1.11E-05
0.978601754,1.11E-05,1.11E-05,1.11E-05,1.11E-05
0.978520274,1.11E-05,1.11E-05,1.11E-05,1.11E-05
0.978438795,1.11E-05,1.11E-05,1.11E-05,1.11E-05
0.978357315,1.11E-05,1.11E-05,1.11E-05,1.11E-05
0.978275836,1.11E-05,1.11E-05,1.11E-05,1.11E-05
0.978194356,1.11E-05,1.11E-05,1.11E-05,0.000011089
0.978112876,1.11E-05,1.11E-05,1.11E-05,1.11E-05
0.978031397,1.11E-05,1.11E-05,1.11E-05,1.11E-05
0.977949917,1.11E-05,0.000011076,1.11E-05,1.11E-05
0.977786541,1.11E-05,1.11E-05,1.11E-05,1.11E-05
0.977520704,1.11E-05,1.11E-05,1.11E-05,0.000011092
0.977254868,1.11E-05,1.11E-05,1.11E-05,1.11E-05
0.97698909,1.11E-05,1.11E-05,1.11E-05,1.11E-05
0.976723254,1.11E-05,1.11E-05,1.11E-05,1.11E-05
0.976457417,1.11E-05,1.11E-05,1.11E-05,1.11E-05
0.97619158,1.11E-05,0.000011083,1.11E-05,1.11E-05
0.975925744,1.11E-05,0.000011084,1.11E-05,1.11E-05
0.975659966,1.11E-05,1.11E-05,1.11E-05,1.11E-05
0.97539413,1.11E-05,1.11E-05,1.11E-05,1.11E-05
0.975128293,1.11E-05,1.11E-05,1.11E-05,0.000011103
0.974862456,1.11E-05,1.11E-05,1.11E-05,1.11E-05
0.974596679,1.11E-05,1.11E-05,1.11E-05,1.11E-05
0.974330842,1.11E-05,1.11E-05,1.11E-05,1.11E-05
0.974065006,1.11E-05,1.11E-05,1.11E-05,1.11E-05
0.973799169,1.11E-05,1.11E-05,1.11E-05,1.11E-05
0.973533392,1.11E-05,1.11E-05,1.11E-05,1.11E-05
0.973267555,1.11E-05,1.11E-05,1.11E-05,1.11E-05
0.973001719,1.11E-05,1.11E-05,1.11E-05,1.11E-05
0.972735882,1.11E-05,1.11E-05,1.11E-05,0.000011114
0.972470045,1.11E-05,1.11E-05,1.11E-05,1.11E-05
0.972204268,1.11E-05,1.11E-05,1.11E-05,1.11E-05
0.971938431,1.11E-05,1.11E-05,1.11E-05,1.11E-05
0.971672595,1.11E-05,1.11E-05,1.11E-05,1.11E-05
0.971406758,1.11E-05,1.11E-05,1.11E-05,1.11E-05
0.971140981,1.11E-05,0.000011103,1.11E-05,1.11E-05
0.970875144,1.11E-05,1.11E-05,1.11E-05,1.11E-05
0.970609307,1.11E-05,1.11E-05,1.11E-05,1.11E-05
0.970343471,1.11E-05,1.11E-05,1.11E-05,0.000011125
0.970077693,1.11E-05,1.11E-05,1.11E-05,1.11E-05
0.969811857,1.11E-05,1.11E-05,1.11E-05,1.11E-05
0.96954602,1.11E-05,1.11E-05,1.11E-05,1.11E-05
0.969280183,1.11E-05,1.11E-05,1.11E-05,1.11E-05
0.969014347,1.11E-05,1.11E-05,1.11E-05,1.11E-05
0.968748569,1.11E-05,1.11E-05,1.11E-05,1.11E-05
0.968482733,1.11E-05,1.11E-05,1.11E-05,1.11E-05
0.968216896,1.11E-05,1.11E-05,1.11E-05,1.11E-05
0.967951059,1.11E-05,1.11E-05,1.11E-05,0.000011136
0.967685282,1.11E-05,1.11E-05,1.11E-05,1.11E-05
0.967419446,1.11E-05,1.11E-05,1.11E-05,1.11E-05
0.967153609,1.11E-05,1.11E-05,1.11E-05,1.11E-05
0.966887772,1.11E-05,1.11E-05,1.11E-05,1.11E-05
0.966621995,1.11E-05,0.000011121,1.11E-05,1.11E-05
0.966356158,1.11E-05,0.000011122,1.11E-05,1.11E-05
0.966090322,1.11E-05,1.11E-05,1.11E-05,1.11E-05
0.965824485,1.11E-05,1.11E-05,1.11E-05,1.11E-05
0.965558648,1.11E-05,1.11E-05,1.11E-05,1.11E-05
0.965292871,1.11E-05,1.11E-05,1.11E-05,1.11E-05
0.965027034,1.11E-05,1.11E-05,1.11E-05,1.11E-05
0.964761198,1.11E-05,1.11E-05,1.12E-05,1.12E-05
0.964495361,1.11E-05,1.11E-05,1.12E-05,0.000011152
0.964229584,1.11E-05,1.11E-05,1.12E-05,1.12E-05
0.963963747,1.11E-05,1.11E-05,1.12E-05,1.12E-05
0.96369791,1.11E-05,1.11E-05,1.12E-05,1.12E-05
0.963432074,1.11E-05,1.11E-05,1.12E-05,1.12E-05
0.963166296,1.11E-05,1.11E-05,1.12E-05,1.12E-05
0.962688446,1.11E-05,1.11E-05,1.12E-05,1.12E-05
0.962184072,1.11E-05,1.11E-05,1.12E-05,1.12E-05
0.961679757,1.11E-05,1.11E-05,1.12E-05,0.000011165
0.961175382,1.11E-05,1.11E-05,1.12E-05,1.12E-05
0.960671067,1.11E-05,1.11E-05,1.12E-05,1.12E-05
0.960166693,1.11E-05,1.11E-05,1.12E-05,0.000011172
0.959662378,1.11E-05,1.11E-05,1.12E-05,1.12E-05
0.959158063,1.12E-05,1.12E-05,1.12E-05,1.12E-05
0.958653688,1.12E-05,1.12E-05,1.12E-05,1.12E-05
0.958149374,1.12E-05,1.12E-05,1.12E-05,1.12E-05
0.957644999,1.12E-05,0.000011157,1.12E-05,1.12E-05
0.957140684,1.12E-05,0.000011159,1.12E-05,1.12E-05
0.95663631,1.12E-05,0.000011161,1.12E-05,1.12E-05
0.956131995,1.12E-05,1.12E-05,1.12E-05,1.12E-05
0.95562762,1.12E-05,1.12E-05,1.12E-05,1.12E-05
0.955123305,1.12E-05,1.12E-05,1.12E-05,1.12E-05
0.954618931,1.12E-05,1.12E-05,1.12E-05,1.12E-05
0.954114616,1.12E-05,1.12E-05,1.12E-05,1.12E-05
0.953610241,1.12E-05,1.12E-05,1.12E-05,1.12E-05
0.953105927,1.12E-05,1.12E-05,1.12E-05,1.12E-05
0.952601612,1.12E-05,1.12E-05,1.12E-05,1.12E-05
0.952097237,1.12E-05,1.12E-05,1.12E-05,1.12E-05
0.951592922,1.12E-05,1.12E-05,1.12E-05,0.000011212
0.951088548,1.12E-05,1.12E-05,1.12E-05,1.12E-05
0.950584233,1.12E-05,1.12E-05,1.12E-05,1.12E-05
0.950079858,1.12E-05,1.12E-05,1.12E-05,0.000011219
0.949575543,1.12E-05,1.12E-05,1.12E-05,1.12E-05
0.949071169,1.12E-05,1.12E-05,1.12E-05,1.12E-05
0.948566854,1.12E-05,1.12E-05,1.12E-05,1.12E-05
0.948062479,1.12E-05,1.12E-05,1.12E-05,1.12E-05
0.947558165,1.12E-05,1.12E-05,1.12E-05,1.12E-05
0.94705385,1.12E-05,1.12E-05,1.12E-05,1.12E-05
0.946549475,1.12E-05,1.12E-05,1.12E-05,1.12E-05
0.94604516,1.12E-05,1.12E-05,1.12E-05,1.12E-05
0.945540786,1.12E-05,0.000011206,1.12E-05,1.12E-05
0.945036471,1.12E-05,0.000011208,1.12E-05,1.12E-05
0.944532096,1.12E-05,1.12E-05,1.12E-05,0.000011245
0.944027781,1.12E-05,1.12E-05,1.12E-05,1.12E-05
0.943523407,1.12E-05,1.12E-05,1.13E-05,1.12E-05
0.943019092,1.12E-05,1.12E-05,1.13E-05,1.13E-05
0.942514718,1.12E-05,1.12E-05,1.13E-05,1.13E-05
0.942010403,1.12E-05,1.12E-05,1.13E-05,1.13E-05
0.941506088,1.12E-05,1.12E-05,1.13E-05,1.13E-05
0.941001713,1.12E-05,1.12E-05,1.13E-05,1.13E-05
0.940497398,1.12E-05,1.12E-05,1.13E-05,0.000011264
0.939993024,1.12E-05,1.12E-05,1.13E-05,1.13E-05
0.939488709,1.12E-05,1.12E-05,1.13E-05,1.13E-05
0.938984334,1.12E-05,1.12E-05,1.13E-05,1.13E-05
0.93848002,1.12E-05,1.12E-05,1.13E-05,1.13E-05
0.937975645,1.12E-05,1.12E-05,1.13E-05,1.13E-05
0.93747133,1.12E-05,0.000011239,1.13E-05,1.13E-05
0.936966956,1.12E-05,1.12E-05,1.13E-05,1.13E-05
0.936462641,1.12E-05,1.12E-05,1.13E-05,1.13E-05
0.935958326,1.12E-05,1.12E-05,1.13E-05,1.13E-05
0.935453951,1.12E-05,1.12E-05,1.13E-05,1.13E-05
0.934845865,1.12E-05,1.12E-05,1.13E-05,1.13E-05
0.934030235,1.13E-05,1.13E-05,1.13E-05,1.13E-05
0.933214664,1.13E-05,1.13E-05,1.13E-05,1.13E-05
0.932399035,1.13E-05,1.13E-05,1.13E-05,1.13E-05
0.931583405,1.13E-05,1.13E-05,1.13E-05,1.13E-05
0.930767775,1.13E-05,1.13E-05,1.13E-05,0.00001131
0.929952204,1.13E-05,0.00001127,1.13E-05,1.13E-05
0.929136574,1.13E-05,1.13E-05,1.13E-05,1.13E-05
0.928321004,1.13E-05,1.13E-05,1.13E-05,1.13E-05
0.927505374,1.13E-05,1.13E-05,1.13E-05,1.13E-05
0.926689744,1.13E-05,1.13E-05,1.13E-05,1.13E-05
0.925874174,1.13E-05,1.13E-05,1.13E-05,1.13E-05
0.925058544,1.13E-05,1.13E-05,1.13E-05,1.13E-05
0.924242914,1.13E-05,1.13E-05,1.13E-05,1.13E-05
0.923427284,1.13E-05,1.13E-05,1.13E-05,0.000011345
0.922611713,1.13E-05,1.13E-05,1.13E-05,1.13E-05
0.921796083,1.13E-05,1.13E-05,1.14E-05,1.14E-05
0.920980453,1.13E-05,1.13E-05,1.14E-05,1.14E-05
0.920164883,1.13E-05,1.13E-05,1.14E-05,1.14E-05
0.919349253,1.13E-05,1.13E-05,1.14E-05,1.14E-05
0.918533623,1.13E-05,1.13E-05,1.14E-05,1.14E-05
0.917718053,1.13E-05,1.13E-05,1.14E-05,1.14E-05
0.916902423,1.13E-05,1.13E-05,1.14E-05,1.14E-05
0.916086853,1.13E-05,1.13E-05,1.14E-05,1.14E-05
0.915271223,1.13E-05,1.13E-05,1.14E-05,1.14E-05
0.914455593,1.13E-05,1.13E-05,1.14E-05,0.000011388
0.913639963,1.13E-05,0.000011338,1.14E-05,1.14E-05
0.912824392,1.13E-05,1.13E-05,1.14E-05,1.14E-05
0.912008762,1.13E-05,1.13E-05,1.14E-05,1.14E-05
0.911193132,1.13E-05,1.13E-05,1.14E-05,1.14E-05
0.910377562,1.14E-05,1.14E-05,1.14E-05,1.14E-05
0.909561932,1.14E-05,1.14E-05,1.14E-05,1.14E-05
0.908746302,1.14E-05,1.14E-05,1.14E-05,1.14E-05
0.907930732,1.14E-05,1.14E-05,1.14E-05,1.14E-05
0.907115102,1.14E-05,1.14E-05,1.14E-05,1.14E-05
0.906299472,1.14E-05,0.000011369,1.14E-05,1.14E-05
0.905483902,1.14E-05,1.14E-05,1.14E-05,1.14E-05
0.904668272,1.14E-05,0.000011376,1.14E-05,1.14E-05
0.903852642,1.14E-05,1.14E-05,1.14E-05,1.14E-05
0.903037071,1.14E-05,1.14E-05,1.14E-05,1.14E-05
0.902221441,1.14E-05,1.14E-05,1.14E-05,1.14E-05
0.901405811,1.14E-05,1.14E-05,1.15E-05,1.15E-05
0.900590241,1.14E-05,1.14E-05,1.15E-05,0.000011455
0.899774611,1.14E-05,1.14E-05,1.15E-05,0.000011459
0.898958981,1.14E-05,1.14E-05,1.15E-05,0.000011463
0.898143411,1.14E-05,1.14E-05,1.15E-05,1.15E-05
0.897327781,1.14E-05,1.14E-05,1.15E-05,1.15E-05
0.896512151,1.14E-05,1.14E-05,1.15E-05,1.15E-05
0.895696521,1.14E-05,1.14E-05,1.15E-05,1.15E-05
0.89488095,1.14E-05,1.14E-05,1.15E-05,1.15E-05
0.89406532,1.14E-05,1.14E-05,1.15E-05,1.15E-05
0.89324975,1.14E-05,1.14E-05,1.15E-05,1.15E-05
0.89243412,1.14E-05,1.14E-05,1.15E-05,1.15E-05
0.89161849,1.14E-05,1.14E-05,1.15E-05,1.15E-05
0.89080292,1.14E-05,1.14E-05,1.15E-05,1.15E-05
0.88998729,1.14E-05,1.14E-05,1.15E-05,1.15E-05
0.888884962,1.14E-05,1.14E-05,1.15E-05,1.15E-05
0.887700677,1.14E-05,1.14E-05,1.15E-05,0.000011518
0.886516333,1.15E-05,1.15E-05,1.15E-05,1.15E-05
0.885332108,1.15E-05,1.15E-05,1.15E-05,1.15E-05
0.884147823,1.15E-05,0.000011464,1.15E-05,1.15E-05
0.882963538,1.15E-05,1.15E-05,1.15E-05,1.15E-05
0.881779253,1.15E-05,1.15E-05,1.15E-05,1.15E-05
0.880594969,1.15E-05,1.15E-05,1.16E-05,0.000011553
0.879410684,1.15E-05,1.15E-05,1.16E-05,1.16E-05
0.878226399,1.15E-05,1.15E-05,1.16E-05,1.16E-05
0.877042115,1.15E-05,1.15E-05,1.16E-05,1.16E-05
0.87585783,1.15E-05,1.15E-05,1.16E-05,1.16E-05
0.874673545,1.15E-05,1.15E-05,1.16E-05,1.16E-05
0.873489261,1.15E-05,1.15E-05,1.16E-05,1.16E-05
0.872304976,1.15E-05,1.15E-05,1.16E-05,1.16E-05
0.871120691,1.15E-05,1.15E-05,1.16E-05,0.0000116
0.869936407,1.15E-05,1.15E-05,1.16E-05,1.16E-05
0.868752122,1.15E-05,1.15E-05,1.16E-05,1.16E-05
0.867567897,1.15E-05,1.15E-05,1.16E-05,1.16E-05
0.866383612,1.15E-05,1.15E-05,1.16E-05,1.16E-05
0.865199327,1.15E-05,1.15E-05,1.16E-05,1.16E-05
0.864015043,1.16E-05,1.16E-05,1.16E-05,1.16E-05
0.862830758,1.16E-05,1.16E-05,1.16E-05,1.16E-05
0.861646473,1.16E-05,1.16E-05,1.16E-05,1.16E-05
0.860462189,1.16E-05,1.16E-05,1.17E-05,1.17E-05
0.859277904,1.16E-05,1.16E-05,1.17E-05,1.17E-05
0.858093619,1.16E-05,1.16E-05,1.17E-05,1.17E-05
0.856909335,1.16E-05,1.16E-05,1.17E-05,1.17E-05
0.85572505,1.16E-05,0.000011589,1.17E-05,1.17E-05
0.854540765,1.16E-05,1.16E-05,1.17E-05,1.17E-05
0.853356481,1.16E-05,1.16E-05,1.17E-05,1.17E-05
0.852172196,1.16E-05,1.16E-05,1.17E-05,0.000011695
0.850987911,1.16E-05,1.16E-05,1.17E-05,0.000011701
0.849803686,1.16E-05,1.16E-05,1.17E-05,0.000011707
0.848619401,1.16E-05,1.16E-05,1.17E-05,0.000011713
0.847435057,1.16E-05,1.16E-05,1.17E-05,0.000011719
0.846250772,1.16E-05,1.16E-05,1.17E-05,0.000011725
0.845066547,1.16E-05,1.16E-05,1.17E-05,0.000011731
0.843882263,1.16E-05,1.16E-05,1.17E-05,1.17E-05
0.842697978,1.16E-05,1.16E-05,1.17E-05,1.17E-05
0.841513693,1.17E-05,1.17E-05,1.18E-05,1.17E-05
0.840329409,1.17E-05,1.17E-05,1.18E-05,1.18E-05
0.839145124,1.17E-05,1.17E-05,1.18E-05,1.18E-05
0.837960839,1.17E-05,1.17E-05,1.18E-05,1.18E-05
0.836776555,1.17E-05,1.17E-05,1.18E-05,1.18E-05
0.83559227,1.17E-05,1.17E-05,1.18E-05,1.18E-05
0.834407985,1.17E-05,1.17E-05,1.18E-05,1.18E-05
0.833223701,1.17E-05,1.17E-05,1.18E-05,1.18E-05
0.832039416,1.17E-05,1.17E-05,1.18E-05,1.18E-05
0.830855131,1.17E-05,1.17E-05,1.18E-05,1.18E-05
0.829670846,1.17E-05,1.17E-05,1.18E-05,1.18E-05
0.828486562,1.17E-05,1.17E-05,1.18E-05,1.18E-05
0.827302337,1.17E-05,1.17E-05,1.18E-05,0.000011822
0.826118052,1.17E-05,1.17E-05,1.18E-05,1.18E-05
0.824933767,1.17E-05,1.17E-05,1.18E-05,1.18E-05
0.823666871,1.17E-05,1.17E-05,1.18E-05,1.18E-05
0.822110951,1.17E-05,1.17E-05,1.18E-05,1.18E-05
0.820554972,1.17E-05,0.000011749,1.19E-05,1.19E-05
0.818998992,1.18E-05,1.18E-05,1.19E-05,0.000011865
0.817443073,1.18E-05,1.18E-05,1.19E-05,0.000011873
0.815887153,1.18E-05,1.18E-05,1.19E-05,1.19E-05
0.814331174,1.18E-05,1.18E-05,1.19E-05,1.19E-05
0.812775254,1.18E-05,1.18E-05,1.19E-05,1.19E-05
0.811219275,1.18E-05,1.18E-05,1.19E-05,1.19E-05
0.809663355,1.18E-05,1.18E-05,1.19E-05,1.19E-05
0.808107376,1.18E-05,0.000011807,1.19E-05,1.19E-05
0.806551456,1.18E-05,1.18E-05,1.19E-05,1.19E-05
0.804995537,1.18E-05,1.18E-05,1.19E-05,1.19E-05
0.803439558,1.18E-05,1.18E-05,1.19E-05,1.19E-05
0.801883578,1.18E-05,1.18E-05,1.20E-05,1.20E-05
0.800327659,1.18E-05,1.18E-05,1.20E-05,1.20E-05
0.798771679,1.19E-05,0.000011851,1.20E-05,1.20E-05
0.79721576,1.19E-05,1.19E-05,1.20E-05,1.20E-05
0.79565984,1.19E-05,1.19E-05,1.20E-05,1.20E-05
0.794103861,1.19E-05,1.19E-05,1.20E-05,1.20E-05
0.792547941,1.19E-05,1.19E-05,1.20E-05,1.20E-05
0.790991962,1.19E-05,0.000011888,1.20E-05,0.000012012
0.789436042,1.19E-05,1.19E-05,1.20E-05,1.20E-05
0.787880063,1.19E-05,1.19E-05,1.20E-05,1.20E-05
0.786324084,1.19E-05,1.19E-05,1.20E-05,1.20E-05
0.784768164,1.19E-05,1.19E-05,1.20E-05,1.20E-05
0.783212245,1.19E-05,1.19E-05,1.21E-05,1.21E-05
0.781656265,1.19E-05,1.19E-05,1.21E-05,1.21E-05
0.780100346,1.19E-05,1.19E-05,1.21E-05,1.21E-05
0.778544366,1.20E-05,1.19E-05,1.21E-05,1.21E-05
0.776988447,1.20E-05,1.20E-05,1.21E-05,1.21E-05
0.775432467,1.20E-05,0.000011963,1.21E-05,1.21E-05
0.773876548,1.20E-05,1.20E-05,1.21E-05,1.21E-05
0.772320628,1.20E-05,1.20E-05,1.21E-05,0.000012112
0.770764649,1.20E-05,1.20E-05,1.21E-05,1.21E-05
0.76920867,1.20E-05,1.20E-05,1.21E-05,1.21E-05
0.76765275,1.20E-05,0.000012001,1.21E-05,1.21E-05
0.766096771,1.20E-05,1.20E-05,1.21E-05,1.21E-05
0.764540851,1.20E-05,1.20E-05,1.22E-05,1.22E-05
0.762984872,1.20E-05,1.20E-05,1.22E-05,1.22E-05
0.761428952,1.20E-05,1.20E-05,1.22E-05,0.000012171
0.759873033,1.20E-05,1.20E-05,1.22E-05,1.22E-05
0.758317053,1.21E-05,0.000012047,1.22E-05,0.000012188
0.756761134,1.21E-05,1.21E-05,1.22E-05,1.22E-05
0.755205154,1.21E-05,1.21E-05,1.22E-05,0.000012205
0.753649235,1.21E-05,1.21E-05,1.22E-05,1.22E-05
0.752093256,1.21E-05,1.21E-05,1.22E-05,1.22E-05
0.750537336,1.21E-05,1.21E-05,1.22E-05,1.22E-05
0.748981357,1.21E-05,1.21E-05,1.22E-05,1.22E-05
0.747425437,1.21E-05,1.21E-05,1.22E-05,1.22E-05
0.745869458,1.21E-05,0.000012109,1.23E-05,1.23E-05
0.744313478,1.21E-05,1.21E-05,1.23E-05,1.23E-05
0.742757559,1.21E-05,1.21E-05,1.23E-05,1.23E-05
0.74120158,1.21E-05,1.21E-05,1.23E-05,1.23E-05
0.73964572,1.21E-05,1.21E-05,1.23E-05,1.23E-05
0.73808974,1.21E-05,1.21E-05,1.23E-05,1.23E-05
0.736336708,1.22E-05,1.22E-05,1.23E-05,1.23E-05
0.73448509,1.22E-05,1.22E-05,1.23E-05,1.23E-05
0.732633531,1.22E-05,1.22E-05,1.23E-05,1.23E-05
0.730781913,1.22E-05,1.22E-05,1.23E-05,1.23E-05
0.728930354,1.22E-05,1.22E-05,1.24E-05,1.24E-05
0.727078736,1.22E-05,1.22E-05,1.24E-05,1.24E-05
0.725227118,1.22E-05,1.22E-05,1.24E-05,1.24E-05
0.723375618,1.22E-05,1.22E-05,1.24E-05,1.24E-05
0.721524,1.22E-05,1.22E-05,1.24E-05,0.000012392
0.719672441,1.22E-05,1.22E-05,1.24E-05,1.24E-05
0.717820823,1.23E-05,1.23E-05,1.24E-05,1.24E-05
0.715969265,1.23E-05,1.23E-05,1.24E-05,1.24E-05
0.714117646,1.23E-05,1.23E-05,1.24E-05,1.24E-05
0.712266088,1.23E-05,1.23E-05,1.24E-05,1.24E-05
0.710414469,1.23E-05,1.23E-05,1.25E-05,1.25E-05
0.708562911,1.23E-05,0.0000123,1.25E-05,1.25E-05
0.706711292,1.23E-05,1.23E-05,1.25E-05,1.25E-05
0.704859674,1.23E-05,1.23E-05,1.25E-05,1.25E-05
0.703008115,1.23E-05,1.23E-05,1.25E-05,1.25E-05
0.701156497,1.23E-05,1.23E-05,1.25E-05,1.25E-05
0.699304998,1.24E-05,1.23E-05,1.25E-05,1.25E-05
0.69745338,1.24E-05,1.24E-05,1.25E-05,1.25E-05
0.695601821,1.24E-05,1.24E-05,1.25E-05,1.25E-05
0.693750203,1.24E-05,1.24E-05,1.26E-05,1.26E-05
0.691898644,1.24E-05,1.24E-05,1.26E-05,1.26E-05
0.690047026,1.24E-05,1.24E-05,1.26E-05,1.26E-05
0.688195467,1.24E-05,1.24E-05,1.26E-05,1.26E-05
0.686343849,1.24E-05,1.24E-05,1.26E-05,1.26E-05
0.68449223,1.24E-05,1.24E-05,1.26E-05,1.26E-05
0.682640672,1.24E-05,1.24E-05,1.26E-05,1.26E-05
0.680789053,1.25E-05,1.24E-05,1.26E-05,1.26E-05
0.678937495,1.25E-05,1.25E-05,1.26E-05,1.26E-05
0.677085876,1.25E-05,1.25E-05,1.27E-05,0.000012647
0.675234377,1.25E-05,1.25E-05,1.27E-05,1.27E-05
0.673382759,1.25E-05,1.25E-05,1.27E-05,1.27E-05
0.6715312,1.25E-05,1.25E-05,1.27E-05,1.27E-05
0.669679582,1.25E-05,1.25E-05,1.27E-05,1.27E-05
0.667828023,1.25E-05,1.25E-05,1.27E-05,1.27E-05
0.665976405,1.25E-05,1.25E-05,1.27E-05,1.27E-05
0.664124787,1.25E-05,1.25E-05,1.27E-05,1.27E-05
0.662273228,1.26E-05,1.25E-05,1.27E-05,1.27E-05
0.66042161,1.26E-05,1.26E-05,1.28E-05,1.27E-05
0.658570051,1.26E-05,1.26E-05,1.28E-05,1.28E-05
0.656718433,1.26E-05,1.26E-05,1.28E-05,1.28E-05
0.654866874,1.26E-05,1.26E-05,1.28E-05,1.28E-05
0.653015256,1.26E-05,1.26E-05,1.28E-05,1.28E-05
0.651163697,1.26E-05,1.26E-05,1.28E-05,1.28E-05
0.649312079,1.26E-05,1.26E-05,1.28E-05,1.28E-05
0.64746058,1.26E-05,1.26E-05,1.28E-05,1.28E-05
0.645608962,1.26E-05,1.26E-05,1.28E-05,1.28E-05
0.643757343,1.27E-05,1.27E-05,1.28E-05,1.28E-05
0.641905785,1.27E-05,1.27E-05,1.29E-05,0.000012856
0.640054166,1.27E-05,1.27E-05,1.29E-05,1.29E-05
0.638202608,1.27E-05,1.27E-05,1.29E-05,1.29E-05
0.636350989,1.27E-05,0.000012693,1.29E-05,1.29E-05
0.634482503,1.27E-05,1.27E-05,1.29E-05,1.29E-05
0.632478714,1.27E-05,0.000012715,1.29E-05,1.29E-05
0.630474985,1.27E-05,1.27E-05,1.29E-05,1.29E-05
0.628471136,1.27E-05,1.27E-05,1.29E-05,1.29E-05
0.626467407,1.28E-05,1.27E-05,1.30E-05,1.29E-05
0.624463558,1.28E-05,1.28E-05,1.30E-05,0.000012962
0.622459769,1.28E-05,1.28E-05,1.30E-05,1.30E-05
0.62045604,1.28E-05,1.28E-05,1.30E-05,1.30E-05
0.618452191,1.28E-05,1.28E-05,1.30E-05,1.30E-05
0.616448462,1.28E-05,1.28E-05,1.30E-05,1.30E-05
0.614444613,1.28E-05,1.28E-05,1.30E-05,1.30E-05
0.612440884,1.28E-05,1.28E-05,1.30E-05,0.000013036
0.610437095,1.28E-05,1.28E-05,1.31E-05,1.30E-05
0.608433306,1.29E-05,1.29E-05,1.31E-05,1.31E-05
0.606429517,1.29E-05,1.29E-05,1.31E-05,1.31E-05
0.604425788,1.29E-05,1.29E-05,1.31E-05,1.31E-05
0.602421939,1.29E-05,1.29E-05,1.31E-05,1.31E-05
0.60041815,1.29E-05,1.29E-05,1.31E-05,1.31E-05
0.598414361,1.29E-05,1.29E-05,1.31E-05,1.31E-05
0.596410573,1.29E-05,1.29E-05,1.31E-05,1.31E-05
0.594406843,1.29E-05,1.29E-05,1.32E-05,1.31E-05
0.592402995,1.30E-05,1.29E-05,1.32E-05,1.32E-05
0.590399265,1.30E-05,1.30E-05,1.32E-05,1.32E-05
0.588395417,1.30E-05,1.30E-05,1.32E-05,1.32E-05
0.586391687,1.30E-05,1.30E-05,1.32E-05,1.32E-05
0.584387898,1.30E-05,1.30E-05,1.32E-05,1.32E-05
0.582384109,1.30E-05,1.30E-05,1.32E-05,1.32E-05
0.580380321,1.30E-05,1.30E-05,1.32E-05,1.32E-05
0.578376472,1.30E-05,1.30E-05,1.33E-05,1.33E-05
0.576372743,1.31E-05,0.000013045,1.33E-05,1.33E-05
0.574368954,1.31E-05,1.31E-05,1.33E-05,1.33E-05
0.572365165,1.31E-05,1.31E-05,1.33E-05,1.33E-05
0.570361376,1.31E-05,1.31E-05,1.33E-05,1.33E-05
0.568357646,1.31E-05,1.31E-05,1.33E-05,1.33E-05
0.566353798,1.31E-05,1.31E-05,1.33E-05,1.33E-05
0.564350069,1.31E-05,1.31E-05,1.33E-05,1.33E-05
0.56234622,1.31E-05,1.31E-05,1.34E-05,1.34E-05
0.560342491,1.32E-05,1.31E-05,1.34E-05,1.34E-05
0.558338702,1.32E-05,1.32E-05,1.34E-05,1.34E-05
0.556334853,1.32E-05,1.32E-05,1.34E-05,1.34E-05
0.554331124,1.32E-05,1.32E-05,1.34E-05,1.34E-05
0.552327275,1.32E-05,1.32E-05,1.34E-05,1.34E-05
0.550323546,1.32E-05,1.32E-05,1.34E-05,1.34E-05
0.548319757,1.32E-05,1.32E-05,1.35E-05,1.34E-05
0.546315968,1.32E-05,1.32E-05,1.35E-05,1.35E-05
0.544312179,1.33E-05,1.32E-05,1.35E-05,1.35E-05
0.54230845,1.33E-05,1.33E-05,1.35E-05,1.35E-05
0.540304601,1.33E-05,1.33E-05,1.35E-05,1.35E-05
0.538300872,1.33E-05,1.33E-05,1.35E-05,1.35E-05
0.536297023,1.33E-05,1.33E-05,1.35E-05,1.35E-05
0.534293234,1.33E-05,0.000013307,1.35E-05,1.35E-05
0.532289445,1.33E-05,1.33E-05,1.36E-05,1.36E-05
0.530285656,1.33E-05,1.33E-05,1.36E-05,1.36E-05
0.528281927,1.33E-05,1.33E-05,1.36E-05,1.36E-05
0.526278079,1.34E-05,1.34E-05,1.36E-05,1.36E-05
0.524274349,1.34E-05,1.34E-05,1.36E-05,0.000013604
0.522279501,1.34E-05,1.34E-05,1.36E-05,1.36E-05
0.520291924,1.34E-05,1.34E-05,1.36E-05,1.36E-05
0.518304288,1.34E-05,1.34E-05,1.36E-05,1.36E-05
0.516316712,1.34E-05,0.000013423,1.37E-05,1.37E-05
0.514329016,1.34E-05,0.000013436,1.37E-05,0.000013671
0.51234138,1.35E-05,0.000013449,1.37E-05,1.37E-05
0.510353804,1.35E-05,0.000013462,1.37E-05,1.37E-05
0.508366168,1.35E-05,1.35E-05,1.37E-05,1.37E-05
0.506378591,1.35E-05,1.35E-05,1.37E-05,0.000013725
0.504390895,1.35E-05,1.35E-05,1.37E-05,1.37E-05
0.502403319,1.35E-05,1.35E-05,1.38E-05,1.38E-05
0.500415683,1.35E-05,1.35E-05,1.38E-05,1.38E-05
0.498428106,1.35E-05,0.000013541,1.38E-05,1.38E-05
0.49644044,1.36E-05,1.36E-05,1.38E-05,0.000013793
0.494452864,1.36E-05,1.36E-05,1.38E-05,1.38E-05
0.492465228,1.36E-05,1.36E-05,1.38E-05,1.38E-05
0.490477562,1.36E-05,1.36E-05,1.38E-05,1.38E-05
0.488489985,1.36E-05,1.36E-05,1.39E-05,1.38E-05
0.48650232,1.36E-05,0.000013621,1.39E-05,1.39E-05
0.484514743,1.36E-05,1.36E-05,1.39E-05,1.39E-05
0.482527077,1.37E-05,0.000013648,1.39E-05,1.39E-05
0.480539501,1.37E-05,1.37E-05,1.39E-05,1.39E-05
0.478551865,1.37E-05,0.000013675,1.39E-05,1.39E-05
0.476564288,1.37E-05,1.37E-05,1.39E-05,1.39E-05
0.474576622,1.37E-05,1.37E-05,1.40E-05,0.000013945
0.472589046,1.37E-05,1.37E-05,1.40E-05,0.000013959
0.47060138,1.37E-05,1.37E-05,1.40E-05,0.000013973
0.468613744,1.38E-05,1.37E-05,1.40E-05,0.000013987
0.466626167,1.38E-05,1.38E-05,1.40E-05,1.40E-05
0.464638501,1.38E-05,1.38E-05,1.40E-05,1.40E-05
0.462650925,1.38E-05,1.38E-05,1.40E-05,1.40E-05
0.460663259,1.38E-05,1.38E-05,1.41E-05,1.40E-05
0.458675683,1.38E-05,1.38E-05,1.41E-05,1.41E-05
0.456688046,1.38E-05,1.38E-05,1.41E-05,1.41E-05
0.45470044,1.39E-05,1.38E-05,1.41E-05,1.41E-05
0.452712804,1.39E-05,1.39E-05,1.41E-05,1.41E-05
0.450725228,1.39E-05,1.39E-05,1.41E-05,1.41E-05
0.448737562,1.39E-05,1.39E-05,1.41E-05,1.41E-05
0.446749896,1.39E-05,1.39E-05,1.42E-05,0.000014143
0.444762319,1.39E-05,1.39E-05,1.42E-05,1.42E-05
0.442774683,1.39E-05,1.39E-05,1.42E-05,1.42E-05
0.440787107,1.39E-05,0.000013939,1.42E-05,1.42E-05
0.438799441,1.40E-05,1.40E-05,1.42E-05,1.42E-05
0.436811864,1.40E-05,1.40E-05,1.42E-05,0.000014215
0.434824198,1.40E-05,1.40E-05,1.42E-05,1.42E-05
0.432836622,1.40E-05,1.40E-05,1.43E-05,0.000014244
0.430848986,1.40E-05,1.40E-05,1.43E-05,1.43E-05
0.42886138,1.40E-05,1.40E-05,1.43E-05,1.43E-05
0.426873744,1.40E-05,1.40E-05,1.43E-05,1.43E-05
0.424886078,1.41E-05,1.41E-05,1.43E-05,1.43E-05
0.422898501,1.41E-05,1.41E-05,1.43E-05,0.000014317
0.420910835,1.41E-05,0.000014083,1.43E-05,1.43E-05
0.418923259,1.41E-05,1.41E-05,1.43E-05,1.43E-05
0.416935623,1.41E-05,1.41E-05,1.44E-05,1.44E-05
0.414948046,1.41E-05,1.41E-05,1.44E-05,1.44E-05
0.41296038,1.41E-05,1.41E-05,1.44E-05,1.44E-05
0.411136866,1.42E-05,1.42E-05,1.44E-05,1.44E-05
0.409313262,1.42E-05,1.42E-05,1.44E-05,1.44E-05
0.407489747,1.42E-05,1.42E-05,1.44E-05,1.44E-05
0.405666143,1.42E-05,1.42E-05,1.44E-05,1.44E-05
0.403842539,1.42E-05,1.42E-05,1.45E-05,1.45E-05
0.402019024,1.42E-05,1.42E-05,1.45E-05,1.45E-05
0.40019542,1.42E-05,1.42E-05,1.45E-05,1.45E-05
0.398371905,1.43E-05,1.43E-05,1.45E-05,1.45E-05
0.396548301,1.43E-05,1.43E-05,1.45E-05,1.45E-05
0.394724786,1.43E-05,1.43E-05,1.45E-05,1.45E-05
0.392901182,1.43E-05,0.000014292,1.45E-05,1.45E-05
0.391077638,1.43E-05,1.43E-05,1.46E-05,1.46E-05
0.389254063,1.43E-05,1.43E-05,1.46E-05,1.46E-05
0.387430519,1.43E-05,1.43E-05,1.46E-05,1.46E-05
0.385606945,1.44E-05,1.43E-05,1.46E-05,1.46E-05
0.38378334,1.44E-05,1.44E-05,1.46E-05,1.46E-05
0.381959826,1.44E-05,1.44E-05,1.46E-05,1.46E-05
0.380136222,1.44E-05,1.44E-05,1.46E-05,1.46E-05
0.378312707,1.44E-05,1.44E-05,1.47E-05,1.47E-05
0.376489103,1.44E-05,0.000014418,1.47E-05,1.47E-05
0.374665558,1.44E-05,1.44E-05,1.47E-05,1.47E-05
0.372841984,1.45E-05,1.44E-05,1.47E-05,1.47E-05
0.37101844,1.45E-05,1.45E-05,1.47E-05,1.47E-05
0.369194865,1.45E-05,1.45E-05,1.47E-05,1.47E-05
0.367371321,1.45E-05,1.45E-05,1.47E-05,1.47E-05
0.365547746,1.45E-05,1.45E-05,1.48E-05,1.48E-05
0.363724142,1.45E-05,1.45E-05,1.48E-05,1.48E-05
0.361900628,1.45E-05,1.45E-05,1.48E-05,1.48E-05
0.360077024,1.46E-05,1.45E-05,1.48E-05,1.48E-05
0.358253479,1.46E-05,1.46E-05,1.48E-05,1.48E-05
0.356429905,1.46E-05,1.46E-05,1.48E-05,1.48E-05
0.35460636,1.46E-05,1.46E-05,1.48E-05,0.000014838
0.352782786,1.46E-05,1.46E-05,1.49E-05,1.49E-05
0.350959241,1.46E-05,1.46E-05,1.49E-05,1.49E-05
0.349135667,1.46E-05,0.000014634,1.49E-05,1.49E-05
0.347312123,1.47E-05,1.46E-05,1.49E-05,1.49E-05
0.345488548,1.47E-05,1.47E-05,1.49E-05,1.49E-05
0.343664944,1.47E-05,1.47E-05,1.49E-05,1.49E-05
0.3418414,1.47E-05,1.47E-05,1.49E-05,1.49E-05
0.340017825,1.47E-05,1.47E-05,1.50E-05,1.50E-05
0.338194281,1.47E-05,1.47E-05,1.50E-05,1.50E-05
0.336370707,1.47E-05,1.47E-05,1.50E-05,1.50E-05
0.334547162,1.48E-05,1.48E-05,1.50E-05,1.50E-05
0.332723588,1.48E-05,1.48E-05,1.50E-05,1.50E-05
0.330900043,1.48E-05,1.48E-05,1.50E-05,1.50E-05
0.329076469,1.48E-05,1.48E-05,1.50E-05,1.50E-05
0.327252924,1.48E-05,1.48E-05,1.51E-05,1.51E-05
0.32542932,1.48E-05,1.48E-05,1.51E-05,1.51E-05
0.323605746,1.48E-05,1.48E-05,1.51E-05,1.51E-05
0.321782202,1.49E-05,1.49E-05,1.51E-05,1.51E-05
0.319958627,1.49E-05,0.000014873,1.51E-05,1.51E-05
0.318135083,1.49E-05,1.49E-05,1.51E-05,0.000015131
0.316311508,1.49E-05,1.49E-05,1.51E-05,1.51E-05
0.314487964,1.49E-05,1.49E-05,1.52E-05,1.52E-05
0.31266439,1.49E-05,1.49E-05,1.52E-05,1.52E-05
0.310957998,1.49E-05,1.49E-05,1.52E-05,1.52E-05
0.309397966,1.50E-05,1.50E-05,1.52E-05,1.52E-05
0.307838023,1.50E-05,0.000014975,1.52E-05,1.52E-05
0.30627802,1.50E-05,1.50E-05,1.52E-05,1.52E-05
0.304718018,1.50E-05,1.50E-05,1.52E-05,1.52E-05
0.303158045,1.50E-05,1.50E-05,1.53E-05,1.53E-05
0.301598042,1.50E-05,1.50E-05,1.53E-05,1.53E-05
0.300038099,1.50E-05,1.50E-05,1.53E-05,1.53E-05
0.298478097,1.51E-05,1.51E-05,1.53E-05,1.53E-05
0.296918124,1.51E-05,1.51E-05,1.53E-05,1.53E-05
0.295358121,1.51E-05,1.51E-05,1.53E-05,1.53E-05
0.293798178,1.51E-05,1.51E-05,1.53E-05,1.53E-05
0.292238146,1.51E-05,1.51E-05,1.54E-05,1.53E-05
0.290678203,1.51E-05,1.51E-05,1.54E-05,1.54E-05
0.289118201,1.51E-05,1.51E-05,1.54E-05,1.54E-05
0.287558198,1.52E-05,1.51E-05,1.54E-05,1.54E-05
0.285998225,1.52E-05,0.000015163,1.54E-05,1.54E-05
0.284438223,1.52E-05,1.52E-05,1.54E-05,1.54E-05
0.28287828,1.52E-05,1.52E-05,1.54E-05,1.54E-05
0.281318247,1.52E-05,0.000015204,1.54E-05,1.54E-05
0.279758304,1.52E-05,1.52E-05,1.55E-05,1.55E-05
0.278198302,1.52E-05,1.52E-05,1.55E-05,1.55E-05
0.276638359,1.53E-05,1.52E-05,1.55E-05,1.55E-05
0.275078326,1.53E-05,0.000015259,1.55E-05,1.55E-05
0.273518384,1.53E-05,1.53E-05,1.55E-05,1.55E-05
0.271958381,1.53E-05,1.53E-05,1.55E-05,1.55E-05
0.270398349,1.53E-05,1.53E-05,1.55E-05,1.55E-05
0.268838406,1.53E-05,1.53E-05,1.56E-05,1.55E-05
0.267278403,1.53E-05,1.53E-05,1.56E-05,1.56E-05
0.26571846,1.54E-05,1.53E-05,1.56E-05,1.56E-05
0.264158428,1.54E-05,1.54E-05,1.56E-05,0.000015585
0.262598485,1.54E-05,1.54E-05,1.56E-05,1.56E-05
0.261038482,1.54E-05,1.54E-05,1.56E-05,0.000015612
0.259478509,1.54E-05,1.54E-05,1.56E-05,1.56E-05
0.257918507,1.54E-05,1.54E-05,1.56E-05,1.56E-05
0.256358564,1.54E-05,0.000015427,1.57E-05,1.57E-05
0.254798561,1.55E-05,1.54E-05,1.57E-05,1.57E-05
0.253238529,1.55E-05,1.55E-05,1.57E-05,0.00001568
0.251678586,1.55E-05,1.55E-05,1.57E-05,1.57E-05
0.250118583,1.55E-05,1.55E-05,1.57E-05,1.57E-05
0.248558626,1.55E-05,1.55E-05,1.57E-05,0.000015721
0.246998623,1.55E-05,1.55E-05,1.57E-05,1.57E-05
0.245438665,1.55E-05,1.55E-05,1.58E-05,1.57E-05
0.243878648,1.55E-05,1.55E-05,1.58E-05,1.58E-05
0.242318705,1.56E-05,1.56E-05,1.58E-05,0.000015776
0.240758687,1.56E-05,1.56E-05,1.58E-05,1.58E-05
0.239198744,1.56E-05,1.56E-05,1.58E-05,1.58E-05
0.237638727,1.56E-05,1.56E-05,1.58E-05,1.58E-05
0.236078724,1.56E-05,1.56E-05,1.58E-05,1.58E-05
0.234518766,1.56E-05,1.56E-05,1.58E-05,1.58E-05
0.232958749,1.56E-05,0.000015643,1.59E-05,1.59E-05
0.231398806,1.57E-05,1.57E-05,1.59E-05,1.59E-05
0.229838789,1.57E-05,1.57E-05,1.59E-05,1.59E-05
0.228278846,1.57E-05,0.000015687,1.59E-05,1.59E-05
0.226718828,1.57E-05,1.57E-05,1.59E-05,1.59E-05
0.225158885,1.57E-05,1.57E-05,1.59E-05,1.59E-05
0.223871738,1.57E-05,1.57E-05,1.59E-05,1.59E-05
0.222618759,1.57E-05,1.57E-05,1.60E-05,1.60E-05
0.22136572,1.58E-05,1.58E-05,1.60E-05,1.60E-05
0.220112696,1.58E-05,1.58E-05,1.60E-05,1.60E-05
0.218859717,1.58E-05,1.58E-05,1.60E-05,1.60E-05
0.217606679,1.58E-05,1.58E-05,1.60E-05,1.60E-05
0.2163537,1.58E-05,1.58E-05,1.60E-05,1.60E-05
0.215100676,1.58E-05,1.58E-05,1.60E-05,1.60E-05
0.213847697,1.58E-05,1.58E-05,1.60E-05,1.60E-05
0.212594658,1.58E-05,1.58E-05,1.60E-05,1.60E-05
0.211341679,1.59E-05,1.58E-05,1.61E-05,1.61E-05
0.210088655,1.59E-05,1.59E-05,1.61E-05,0.000016066
0.208835661,1.59E-05,0.000015873,1.61E-05,1.61E-05
0.207582638,1.59E-05,1.59E-05,1.61E-05,0.000016089
0.206329614,1.59E-05,1.59E-05,1.61E-05,1.61E-05
0.205076575,1.59E-05,1.59E-05,1.61E-05,0.000016112
0.203823641,1.59E-05,1.59E-05,1.61E-05,1.61E-05
0.202570617,1.59E-05,0.000015934,1.61E-05,1.61E-05
0.201317579,1.60E-05,1.59E-05,1.62E-05,1.61E-05
0.200064555,1.60E-05,1.60E-05,1.62E-05,1.62E-05
0.19881162,1.60E-05,1.60E-05,1.62E-05,1.62E-05
0.197558597,1.60E-05,1.60E-05,1.62E-05,1.62E-05
0.196305558,1.60E-05,1.60E-05,1.62E-05,1.62E-05
0.195052534,1.60E-05,1.60E-05,1.62E-05,1.62E-05
0.193799511,1.60E-05,1.60E-05,1.62E-05,1.62E-05
0.192546561,1.60E-05,1.60E-05,1.62E-05,1.62E-05
0.191293538,1.61E-05,1.60E-05,1.62E-05,1.62E-05
0.190040514,1.61E-05,1.61E-05,1.63E-05,1.63E-05
0.188787475,1.61E-05,1.61E-05,1.63E-05,1.63E-05
0.187534541,1.61E-05,1.61E-05,1.63E-05,0.000016275
0.186281517,1.61E-05,1.61E-05,1.63E-05,1.63E-05
0.185028493,1.61E-05,1.61E-05,1.63E-05,1.63E-05
0.183775455,1.61E-05,1.61E-05,1.63E-05,1.63E-05
0.18252252,1.61E-05,1.61E-05,1.63E-05,1.63E-05
0.181269497,1.62E-05,1.61E-05,1.63E-05,1.63E-05
0.180016458,1.62E-05,0.000016158,1.64E-05,1.63E-05
0.178763434,1.62E-05,1.62E-05,1.64E-05,1.64E-05
0.177510411,1.62E-05,1.62E-05,1.64E-05,1.64E-05
0.176257476,1.62E-05,1.62E-05,1.64E-05,1.64E-05
0.175004438,1.62E-05,1.62E-05,1.64E-05,1.64E-05
0.173751414,1.62E-05,1.62E-05,1.64E-05,1.64E-05
0.172498375,1.62E-05,1.62E-05,1.64E-05,1.64E-05
0.171245441,1.63E-05,1.62E-05,1.64E-05,1.64E-05
0.169992417,1.63E-05,1.63E-05,1.64E-05,0.000016441
0.168739393,1.63E-05,1.63E-05,1.65E-05,0.000016453
0.167486355,1.63E-05,1.63E-05,1.65E-05,0.000016465
0.166233331,1.63E-05,1.63E-05,1.65E-05,0.000016477
0.164980397,1.63E-05,1.63E-05,1.65E-05,1.65E-05
0.163727358,1.63E-05,1.63E-05,1.65E-05,1.65E-05
0.162474334,1.63E-05,1.63E-05,1.65E-05,1.65E-05
0.16122131,1.64E-05,1.64E-05,1.65E-05,1.65E-05
0.159968376,1.64E-05,1.64E-05,1.65E-05,1.65E-05
0.158715338,1.64E-05,1.64E-05,1.66E-05,1.65E-05
0.157462314,1.64E-05,1.64E-05,1.66E-05,1.66E-05
0.15620929,1.64E-05,1.64E-05,1.66E-05,1.66E-05
0.155057356,1.64E-05,1.64E-05,1.66E-05,1.66E-05
0.154107437,1.64E-05,1.64E-05,1.66E-05,1.66E-05
0.153157517,1.64E-05,1.64E-05,1.66E-05,1.66E-05
0.152207598,1.64E-05,1.64E-05,1.66E-05,1.66E-05
0.151257679,1.65E-05,1.65E-05,1.66E-05,1.66E-05
0.150307834,1.65E-05,1.65E-05,1.66E-05,1.66E-05
0.149357915,1.65E-05,1.65E-05,1.66E-05,1.66E-05
0.148407996,1.65E-05,1.65E-05,1.67E-05,1.66E-05
0.147458076,1.65E-05,1.65E-05,1.67E-05,1.67E-05
0.146508232,1.65E-05,1.65E-05,1.67E-05,1.67E-05
0.145558313,1.65E-05,1.65E-05,1.67E-05,1.67E-05
0.144608393,1.65E-05,1.65E-05,1.67E-05,0.000016687
0.143658474,1.65E-05,1.65E-05,1.67E-05,1.67E-05
0.142708555,1.65E-05,1.65E-05,1.67E-05,1.67E-05
0.14175871,1.66E-05,1.66E-05,1.67E-05,1.67E-05
0.140808791,1.66E-05,1.66E-05,1.67E-05,1.67E-05
0.139858872,1.66E-05,1.66E-05,1.67E-05,1.67E-05
0.138908952,1.66E-05,0.000016585,1.67E-05,1.67E-05
0.137959093,1.66E-05,1.66E-05,1.68E-05,1.68E-05
0.137009174,1.66E-05,1.66E-05,1.68E-05,0.000016762
0.136059254,1.66E-05,1.66E-05,1.68E-05,1.68E-05
0.135109335,1.66E-05,1.66E-05,1.68E-05,1.68E-05
0.13415949,1.66E-05,0.000016636,1.68E-05,1.68E-05
0.133209571,1.67E-05,1.66E-05,1.68E-05,1.68E-05
0.132259652,1.67E-05,1.67E-05,1.68E-05,1.68E-05
0.131309733,1.67E-05,1.67E-05,1.68E-05,1.68E-05
0.130359814,1.67E-05,0.000016677,1.68E-05,1.68E-05
0.129409969,1.67E-05,1.67E-05,1.68E-05,1.68E-05
0.12846005,1.67E-05,1.67E-05,1.69E-05,1.68E-05
0.12751013,1.67E-05,1.67E-05,1.69E-05,1.69E-05
0.126560211,1.67E-05,1.67E-05,1.69E-05,1.69E-05
0.125610366,1.67E-05,1.67E-05,1.69E-05,1.69E-05
0.12466044,1.67E-05,1.67E-05,1.69E-05,1.69E-05
0.123710521,1.68E-05,1.67E-05,1.69E-05,1.69E-05
0.122760601,1.68E-05,1.68E-05,1.69E-05,1.69E-05
0.121810682,1.68E-05,1.68E-05,1.69E-05,1.69E-05
0.120860837,1.68E-05,1.68E-05,1.69E-05,1.69E-05
0.119910918,1.68E-05,1.68E-05,1.69E-05,0.000016933
0.118960999,1.68E-05,1.68E-05,1.69E-05,1.69E-05
0.11801108,1.68E-05,1.68E-05,1.70E-05,1.70E-05
0.117061228,1.68E-05,1.68E-05,1.70E-05,1.70E-05
0.116111308,1.68E-05,1.68E-05,1.70E-05,1.70E-05
0.115161389,1.68E-05,1.68E-05,1.70E-05,1.70E-05
0.11421147,1.69E-05,1.69E-05,1.70E-05,1.70E-05
0.113261625,1.69E-05,1.69E-05,1.70E-05,1.70E-05
0.112311706,1.69E-05,1.69E-05,1.70E-05,1.70E-05
0.111361787,1.69E-05,1.69E-05,1.70E-05,1.70E-05
0.110411867,1.69E-05,0.000016896,1.70E-05,1.70E-05
0.109461948,1.69E-05,1.69E-05,1.70E-05,1.70E-05
0.108512096,1.69E-05,1.69E-05,1.71E-05,1.70E-05
0.107562177,1.69E-05,1.69E-05,1.71E-05,1.71E-05
0.106612258,1.69E-05,1.69E-05,1.71E-05,1.71E-05
0.105662338,1.70E-05,0.000016949,1.71E-05,0.000017078
0.104712494,1.70E-05,1.70E-05,1.71E-05,1.71E-05
0.103762574,1.70E-05,1.70E-05,1.71E-05,1.71E-05
0.102812655,1.70E-05,0.000016981,1.71E-05,1.71E-05
0.102072164,1.70E-05,1.70E-05,1.71E-05,1.71E-05
0.101391524,1.70E-05,1.70E-05,1.71E-05,1.71E-05
0.100710936,1.70E-05,1.70E-05,1.71E-05,0.000017129
0.100030296,1.70E-05,1.70E-05,1.71E-05,0.000017136
0.099349655,1.70E-05,1.70E-05,1.71E-05,0.000017143
0.098669015,1.70E-05,1.70E-05,1.72E-05,1.72E-05
0.097988427,1.70E-05,1.70E-05,1.72E-05,1.72E-05
0.097307786,1.70E-05,1.70E-05,1.72E-05,1.72E-05
0.096627146,1.71E-05,0.000017051,1.72E-05,1.72E-05
0.095946506,1.71E-05,1.71E-05,1.72E-05,1.72E-05
0.095265917,1.71E-05,1.71E-05,1.72E-05,1.72E-05
0.094585277,1.71E-05,1.71E-05,1.72E-05,1.72E-05
0.093904637,1.71E-05,0.000017082,1.72E-05,1.72E-05
0.093223996,1.71E-05,1.71E-05,1.72E-05,1.72E-05
0.092543356,1.71E-05,1.71E-05,1.72E-05,1.72E-05
0.091862768,1.71E-05,1.71E-05,1.72E-05,1.72E-05
0.091182128,1.71E-05,1.71E-05,1.72E-05,1.72E-05
0.090501487,1.71E-05,1.71E-05,1.72E-05,1.72E-05
0.089820847,1.71E-05,1.71E-05,1.72E-05,0.000017242
0.089140259,1.71E-05,1.71E-05,1.73E-05,1.72E-05
0.088459618,1.71E-05,1.71E-05,1.73E-05,1.73E-05
0.087778978,1.72E-05,1.72E-05,1.73E-05,1.73E-05
0.087098338,1.72E-05,0.00001716,1.73E-05,1.73E-05
0.086417697,1.72E-05,1.72E-05,1.73E-05,1.73E-05
0.085737109,1.72E-05,1.72E-05,1.73E-05,1.73E-05
0.085056469,1.72E-05,1.72E-05,1.73E-05,1.73E-05
0.084375829,1.72E-05,1.72E-05,1.73E-05,0.000017299
0.083695188,1.72E-05,1.72E-05,1.73E-05,1.73E-05
0.0830146,1.72E-05,1.72E-05,1.73E-05,1.73E-05
0.08233396,1.72E-05,0.000017215,1.73E-05,1.73E-05
0.081653319,1.72E-05,1.72E-05,1.73E-05,1.73E-05
0.080972686,1.72E-05,1.72E-05,1.73E-05,1.73E-05
0.080292091,1.72E-05,1.72E-05,1.73E-05,0.000017342
0.07961145,1.72E-05,1.72E-05,1.74E-05,1.73E-05
0.07893081,1.73E-05,1.73E-05,1.74E-05,1.74E-05
0.078250177,1.73E-05,1.73E-05,1.74E-05,1.74E-05
0.077569537,1.73E-05,1.73E-05,1.74E-05,1.74E-05
0.076888941,1.73E-05,1.73E-05,1.74E-05,0.000017378
0.076208308,1.73E-05,1.73E-05,1.74E-05,1.74E-05
0.075527668,1.73E-05,1.73E-05,1.74E-05,1.74E-05
0.074847028,1.73E-05,1.73E-05,1.74E-05,1.74E-05
0.074166432,1.73E-05,1.73E-05,1.74E-05,1.74E-05
0.073485799,1.73E-05,1.73E-05,1.74E-05,1.74E-05
0.072805159,1.73E-05,1.73E-05,1.74E-05,1.74E-05
0.072124518,1.73E-05,1.73E-05,1.74E-05,1.74E-05
0.071443878,1.73E-05,1.73E-05,1.74E-05,1.74E-05
0.07076329,1.74E-05,1.74E-05,1.74E-05,1.74E-05
0.07008265,1.74E-05,1.74E-05,1.75E-05,1.75E-05
0.069402009,1.74E-05,1.74E-05,1.75E-05,1.75E-05
0.068721369,1.74E-05,1.74E-05,1.75E-05,0.000017465
0.068040781,1.74E-05,1.74E-05,1.75E-05,1.75E-05
0.06736014,1.74E-05,1.74E-05,1.75E-05,1.75E-05
0.0666795,1.74E-05,1.74E-05,1.75E-05,1.75E-05
0.06599886,1.74E-05,1.74E-05,1.75E-05,1.75E-05
0.065318272,1.74E-05,1.74E-05,1.75E-05,1.75E-05
0.064686932,1.74E-05,1.74E-05,1.75E-05,1.75E-05
0.064228207,1.74E-05,1.74E-05,1.75E-05,1.75E-05
0.063769482,1.74E-05,1.74E-05,1.75E-05,1.75E-05
0.063310765,1.74E-05,1.74E-05,1.75E-05,1.75E-05
0.06285207,1.74E-05,1.74E-05,1.75E-05,0.000017528
0.062393349,1.75E-05,1.74E-05,1.75E-05,1.75E-05
0.061934624,1.75E-05,1.75E-05,1.75E-05,1.75E-05
0.061475899,1.75E-05,1.75E-05,1.75E-05,1.75E-05
0.061017212,1.75E-05,1.75E-05,1.75E-05,1.75E-05
0.060558487,1.75E-05,1.75E-05,1.76E-05,1.76E-05
0.060099762,1.75E-05,1.75E-05,1.76E-05,1.76E-05
0.059641041,1.75E-05,1.75E-05,1.76E-05,1.76E-05
0.059182316,1.75E-05,1.75E-05,1.76E-05,1.76E-05
0.058723625,1.75E-05,1.75E-05,1.76E-05,1.76E-05
0.058264904,1.75E-05,1.75E-05,1.76E-05,1.76E-05
0.057806179,1.75E-05,1.75E-05,1.76E-05,1.76E-05
0.057347454,1.75E-05,1.75E-05,1.76E-05,1.76E-05
0.056888767,1.75E-05,1.75E-05,1.76E-05,1.76E-05
0.056430042,1.75E-05,1.75E-05,1.76E-05,1.76E-05
0.055971317,1.75E-05,1.75E-05,1.76E-05,1.76E-05
0.055512596,1.75E-05,1.75E-05,1.76E-05,1.76E-05
0.055053905,1.75E-05,1.75E-05,1.76E-05,1.76E-05
0.05459518,1.75E-05,1.75E-05,1.76E-05,1.76E-05
0.054136459,1.76E-05,1.75E-05,1.76E-05,1.76E-05
0.053677734,1.76E-05,1.76E-05,1.76E-05,1.76E-05
0.053219009,1.76E-05,1.76E-05,1.76E-05,1.76E-05
0.052760322,1.76E-05,1.76E-05,1.76E-05,1.76E-05
0.052301597,1.76E-05,1.76E-05,1.76E-05,1.76E-05
0.051842872,1.76E-05,1.76E-05,1.76E-05,1.76E-05
0.051384147,1.76E-05,1.76E-05,1.77E-05,1.77E-05
0.05092546,1.76E-05,1.76E-05,1.77E-05,1.77E-05
0.050466735,1.76E-05,1.76E-05,1.77E-05,1.77E-05
0.05000801,1.76E-05,1.76E-05,1.77E-05,1.77E-05
0.049549289,1.76E-05,1.76E-05,1.77E-05,1.77E-05
0.049090564,1.76E-05,1.76E-05,1.77E-05,1.77E-05
0.048631877,1.76E-05,1.76E-05,1.77E-05,1.77E-05
0.048173152,1.76E-05,1.76E-05,1.77E-05,1.77E-05
0.047714427,1.76E-05,1.76E-05,1.77E-05,1.77E-05
0.047255702,1.76E-05,1.76E-05,1.77E-05,1.77E-05
0.046797015,1.76E-05,0.000017638,1.77E-05,1.77E-05
0.04633829,1.76E-05,1.76E-05,1.77E-05,1.77E-05
0.045879565,1.77E-05,1.76E-05,1.77E-05,1.77E-05
0.045420844,1.77E-05,1.77E-05,1.77E-05,1.77E-05
0.044962153,1.77E-05,1.77E-05,1.77E-05,1.77E-05
0.044503428,1.77E-05,1.77E-05,1.77E-05,1.77E-05
0.044044707,1.77E-05,1.77E-05,1.77E-05,1.77E-05
0.043585982,1.77E-05,1.77E-05,1.77E-05,1.77E-05
0.043127257,1.77E-05,0.000017683,1.77E-05,1.77E-05
0.04266857,1.77E-05,1.77E-05,1.77E-05,1.77E-05
0.042209845,1.77E-05,1.77E-05,1.78E-05,1.78E-05
0.04175112,1.77E-05,1.77E-05,1.78E-05,0.000017758
0.041292399,1.77E-05,1.77E-05,1.78E-05,1.78E-05
0.040833708,1.77E-05,1.77E-05,1.78E-05,1.78E-05
0.040374983,1.77E-05,1.77E-05,1.78E-05,1.78E-05
0.039916262,1.77E-05,1.77E-05,1.78E-05,1.78E-05
0.039457537,1.77E-05,1.77E-05,1.78E-05,1.78E-05
0.03911436,1.77E-05,1.77E-05,1.78E-05,1.78E-05
0.038828976,1.77E-05,1.77E-05,1.78E-05,1.78E-05
0.038543575,1.77E-05,1.77E-05,1.78E-05,1.78E-05
0.038258173,1.77E-05,0.000017743,1.78E-05,1.78E-05
0.037972767,1.77E-05,1.77E-05,1.78E-05,1.78E-05
0.037687384,1.78E-05,1.78E-05,1.78E-05,1.78E-05
0.037401982,1.78E-05,1.78E-05,1.78E-05,1.78E-05
0.03711658,1.78E-05,1.78E-05,1.78E-05,1.78E-05
0.036831174,1.78E-05,1.78E-05,1.78E-05,1.78E-05
0.036545794,1.78E-05,1.78E-05,1.78E-05,1.78E-05
0.036260389,1.78E-05,1.78E-05,1.78E-05,1.78E-05
0.035974987,1.78E-05,1.78E-05,1.78E-05,1.78E-05
0.035689581,1.78E-05,1.78E-05,1.78E-05,1.78E-05
0.035404179,1.78E-05,1.78E-05,1.78E-05,1.78E-05
0.035118796,1.78E-05,1.78E-05,1.78E-05,1.78E-05
0.034833394,1.78E-05,1.78E-05,1.78E-05,1.78E-05
0.034547988,1.78E-05,0.000017789,1.78E-05,1.78E-05
0.034262586,1.78E-05,1.78E-05,1.78E-05,0.000017841
0.033977203,1.78E-05,1.78E-05,1.78E-05,1.78E-05
0.033691801,1.78E-05,1.78E-05,1.78E-05,1.78E-05
0.033406395,1.78E-05,1.78E-05,1.79E-05,1.79E-05
0.033120994,1.78E-05,1.78E-05,1.79E-05,1.79E-05
0.032835592,1.78E-05,1.78E-05,1.79E-05,1.79E-05
0.032550208,1.78E-05,1.78E-05,1.79E-05,0.00001786
0.032264806,1.78E-05,1.78E-05,1.79E-05,1.79E-05
0.031979401,1.78E-05,0.000017821,1.79E-05,1.79E-05
0.031693999,1.78E-05,1.78E-05,1.79E-05,1.79E-05
0.031408615,1.78E-05,1.78E-05,1.79E-05,1.79E-05
0.031123212,1.78E-05,1.78E-05,1.79E-05,0.000017876
0.030837808,1.78E-05,1.78E-05,1.79E-05,1.79E-05
0.030552406,1.78E-05,1.78E-05,1.79E-05,1.79E-05
0.030267023,1.78E-05,1.78E-05,1.79E-05,1.79E-05
0.029981619,1.78E-05,0.000017846,1.79E-05,1.79E-05
0.029696217,1.79E-05,1.78E-05,1.79E-05,1.79E-05
0.029410813,1.79E-05,1.79E-05,1.79E-05,1.79E-05
0.029125409,1.79E-05,1.79E-05,1.79E-05,1.79E-05
0.028840028,1.79E-05,1.79E-05,1.79E-05,1.79E-05
0.028554624,1.79E-05,1.79E-05,1.79E-05,1.79E-05
0.02826922,1.79E-05,1.79E-05,1.79E-05,1.79E-05
0.027983816,1.79E-05,1.79E-05,1.79E-05,1.79E-05
0.027698435,1.79E-05,1.79E-05,1.79E-05,1.79E-05
0.027413031,1.79E-05,1.79E-05,1.79E-05,1.79E-05
0.027127627,1.79E-05,1.79E-05,1.79E-05,1.79E-05
0.026842223,1.79E-05,1.79E-05,1.79E-05,1.79E-05
0.026556822,1.79E-05,0.000017889,1.79E-05,1.79E-05
0.026271438,1.79E-05,1.79E-05,1.79E-05,1.79E-05
0.025986034,1.79E-05,1.79E-05,1.79E-05,1.79E-05
0.025700631,1.79E-05,1.79E-05,1.79E-05,1.79E-05
0.025415229,1.79E-05,1.79E-05,1.79E-05,1.79E-05
0.025129845,1.79E-05,0.000017907,1.79E-05,1.79E-05
0.024844442,1.79E-05,1.79E-05,1.79E-05,1.79E-05
0.02455904,1.79E-05,1.79E-05,1.79E-05,1.79E-05
0.024273636,1.79E-05,1.79E-05,1.80E-05,1.80E-05
0.023988253,1.79E-05,1.79E-05,1.80E-05,0.000017956
0.023702851,1.79E-05,0.000017925,1.80E-05,1.80E-05
0.023432147,1.79E-05,1.79E-05,1.80E-05,1.80E-05
0.023279071,1.79E-05,1.79E-05,1.80E-05,0.000017964
0.023125997,1.79E-05,1.79E-05,1.80E-05,1.80E-05
0.022972934,1.79E-05,1.79E-05,1.80E-05,1.80E-05
0.02281986,1.79E-05,1.79E-05,1.80E-05,1.80E-05
0.022666784,1.79E-05,1.79E-05,1.80E-05,1.80E-05
0.02251371,1.79E-05,1.79E-05,1.80E-05,1.80E-05
0.022360647,1.79E-05,0.000017942,1.80E-05,1.80E-05
0.022207571,1.79E-05,1.79E-05,1.80E-05,1.80E-05
0.022054497,1.79E-05,1.79E-05,1.80E-05,1.80E-05
0.021901423,1.79E-05,1.79E-05,1.80E-05,1.80E-05
0.021748347,1.79E-05,1.79E-05,1.80E-05,1.80E-05
0.021595284,1.80E-05,1.80E-05,1.80E-05,0.000017983
0.02144221,1.80E-05,1.80E-05,1.80E-05,1.80E-05
0.021289136,1.80E-05,1.80E-05,1.80E-05,1.80E-05
0.02113606,1.80E-05,1.80E-05,1.80E-05,1.80E-05
0.020982997,1.80E-05,1.80E-05,1.80E-05,1.80E-05
0.020829923,1.80E-05,1.80E-05,1.80E-05,1.80E-05
0.020676848,1.80E-05,1.80E-05,1.80E-05,1.80E-05
0.020523774,1.80E-05,1.80E-05,1.80E-05,1.80E-05
0.020370711,1.80E-05,1.80E-05,1.80E-05,1.80E-05
0.020217637,1.80E-05,1.80E-05,1.80E-05,1.80E-05
0.020064561,1.80E-05,1.80E-05,1.80E-05,1.80E-05
0.019911487,1.80E-05,1.80E-05,1.80E-05,0.000018002
0.019758413,1.80E-05,0.000017975,1.80E-05,1.80E-05
0.019605348,1.80E-05,0.000017977,1.80E-05,1.80E-05
0.019452274,1.80E-05,1.80E-05,1.80E-05,1.80E-05
0.0192992,1.80E-05,1.80E-05,1.80E-05,0.000018009
0.019146124,1.80E-05,1.80E-05,1.80E-05,1.80E-05
0.018993061,1.80E-05,1.80E-05,1.80E-05,1.80E-05
0.018839987,1.80E-05,1.80E-05,1.80E-05,1.80E-05
0.018686913,1.80E-05,1.80E-05,1.80E-05,1.80E-05
0.018533837,1.80E-05,1.80E-05,1.80E-05,1.80E-05
0.018380763,1.80E-05,1.80E-05,1.80E-05,1.80E-05
0.0182277,1.80E-05,1.80E-05,1.80E-05,1.80E-05
0.018074624,1.80E-05,1.80E-05,1.80E-05,1.80E-05
0.01792155,1.80E-05,1.80E-05,1.80E-05,1.80E-05
0.017768476,1.80E-05,1.80E-05,1.80E-05,1.80E-05
0.017615413,1.80E-05,1.80E-05,1.80E-05,0.000018028
0.017462337,1.80E-05,1.80E-05,1.80E-05,1.80E-05
0.017309263,1.80E-05,1.80E-05,1.80E-05,1.80E-05
0.017156189,1.80E-05,1.80E-05,1.80E-05,1.80E-05
0.017003125,1.80E-05,1.80E-05,1.80E-05,0.000018035
0.016850051,1.80E-05,1.80E-05,1.80E-05,1.80E-05
0.016696976,1.80E-05,0.000018014,1.80E-05,1.80E-05
0.016543901,1.80E-05,0.000018016,1.80E-05,1.80E-05
0.016390827,1.80E-05,1.80E-05,1.80E-05,1.80E-05
0.016237764,1.80E-05,1.80E-05,1.80E-05,1.80E-05
0.01608469,1.80E-05,1.80E-05,1.80E-05,1.80E-05
0.015931614,1.80E-05,1.80E-05,1.80E-05,1.80E-05
0.01577854,1.80E-05,1.80E-05,1.80E-05,1.80E-05
0.015625477,1.80E-05,1.80E-05,1.81E-05,1.81E-05
0.015472402,1.80E-05,1.80E-05,1.81E-05,1.81E-05
0.015319327,1.80E-05,1.80E-05,1.81E-05,1.81E-05
0.015166253,1.80E-05,1.80E-05,1.81E-05,1.81E-05
0.015013178,1.80E-05,1.80E-05,1.81E-05,1.81E-05
0.014918544,1.80E-05,1.80E-05,1.81E-05,1.81E-05
0.014870652,1.80E-05,1.80E-05,1.81E-05,1.81E-05
0.01482276,1.80E-05,0.000018038,1.81E-05,1.81E-05
0.014774867,1.80E-05,1.80E-05,1.81E-05,1.81E-05
0.014726979,1.80E-05,1.80E-05,1.81E-05,1.81E-05
0.014679086,1.80E-05,1.80E-05,1.81E-05,1.81E-05
0.014631194,1.80E-05,1.80E-05,1.81E-05,0.000018062
0.014583302,1.80E-05,1.80E-05,1.81E-05,1.81E-05
0.014535413,1.80E-05,1.80E-05,1.81E-05,1.81E-05
0.014487522,1.80E-05,1.80E-05,1.81E-05,1.81E-05
0.014439629,1.80E-05,1.80E-05,1.81E-05,1.81E-05
0.014391737,1.80E-05,1.80E-05,1.81E-05,1.81E-05
0.014343845,1.80E-05,1.80E-05,1.81E-05,1.81E-05
0.014295956,1.80E-05,1.80E-05,1.81E-05,1.81E-05
0.014248064,1.80E-05,1.80E-05,1.81E-05,1.81E-05
0.014200171,1.80E-05,0.000018046,1.81E-05,1.81E-05
0.014152279,1.80E-05,1.80E-05,1.81E-05,1.81E-05
0.014104391,1.80E-05,1.80E-05,1.81E-05,0.000018068
0.014056498,1.80E-05,1.80E-05,1.81E-05,1.81E-05
0.014008607,1.80E-05,1.80E-05,1.81E-05,1.81E-05
0.013960714,1.80E-05,1.80E-05,1.81E-05,1.81E-05
0.013912822,1.80E-05,1.80E-05,1.81E-05,1.81E-05
0.013864934,1.81E-05,1.81E-05,1.81E-05,1.81E-05
0.013817041,1.81E-05,1.81E-05,1.81E-05,1.81E-05
0.013769149,1.81E-05,1.81E-05,1.81E-05,1.81E-05
0.013721257,1.81E-05,1.81E-05,1.81E-05,1.81E-05
0.013673368,1.81E-05,1.81E-05,1.81E-05,1.81E-05
0.013625476,1.81E-05,1.81E-05,1.81E-05,1.81E-05
0.013577583,1.81E-05,0.000018054,1.81E-05,0.000018074
0.013529692,1.81E-05,1.81E-05,1.81E-05,1.81E-05
0.013481803,1.81E-05,1.81E-05,1.81E-05,1.81E-05
0.013433911,1.81E-05,1.81E-05,1.81E-05,1.81E-05
0.013386019,1.81E-05,1.81E-05,1.81E-05,1.81E-05
0.013338126,1.81E-05,1.81E-05,1.81E-05,1.81E-05
0.013290234,1.81E-05,1.81E-05,1.81E-05,1.81E-05
0.013242345,1.81E-05,1.81E-05,1.81E-05,1.81E-05
0.013194453,1.81E-05,1.81E-05,1.81E-05,1.81E-05
0.013146561,1.81E-05,1.81E-05,1.81E-05,1.81E-05
0.013098668,1.81E-05,1.81E-05,1.81E-05,1.81E-05
0.01305078,1.81E-05,1.81E-05,1.81E-05,0.00001808
0.013002888,1.81E-05,1.81E-05,1.81E-05,1.81E-05
0.012954996,1.81E-05,0.000018062,1.81E-05,1.81E-05
0.012907104,1.81E-05,1.81E-05,1.81E-05,1.81E-05
0.012859211,1.81E-05,1.81E-05,1.81E-05,1.81E-05
0.012811323,1.81E-05,1.81E-05,1.81E-05,1.81E-05
0.01276343,1.81E-05,1.81E-05,1.81E-05,1.81E-05
0.012715538,1.81E-05,0.000018065,1.81E-05,1.81E-05
0.012667646,1.81E-05,1.81E-05,1.81E-05,1.81E-05
0.012619757,1.81E-05,1.81E-05,1.81E-05,1.81E-05
0.012571865,1.81E-05,1.81E-05,1.81E-05,1.81E-05
0.012523973,1.81E-05,1.81E-05,1.81E-05,0.000018086
0.012476081,1.81E-05,1.81E-05,1.81E-05,1.81E-05
0.012428192,1.81E-05,1.81E-05,1.81E-05,1.81E-05
0.0123803,1.81E-05,1.81E-05,1.81E-05,1.81E-05
0.012332408,1.81E-05,0.00001807,1.81E-05,1.81E-05
0.012284515,1.81E-05,1.81E-05,1.81E-05,1.81E-05
